image_name,contains_tiny,contains_small,contains_regular,tiny_instances,small_instances,regular_instances,target_instances
0000006_00159_d_0000001.jpg,1,1,1,38,21,12,71
0000006_00611_d_0000002.jpg,1,1,1,38,16,11,65
0000006_01111_d_0000003.jpg,1,1,1,2,1,14,17
0000006_01275_d_0000004.jpg,1,1,1,2,8,14,24
0000006_01659_d_0000004.jpg,1,1,1,5,11,20,36
0000006_02138_d_0000006.jpg,0,1,1,0,12,17,29
0000006_02616_d_0000007.jpg,0,1,1,0,6,16,22
0000006_03636_d_0000009.jpg,1,0,1,2,0,10,12
0000006_04050_d_0000010.jpg,0,0,1,0,0,9,9
0000006_04309_d_0000011.jpg,1,1,1,13,3,12,28
0000006_05168_d_0000013.jpg,1,1,1,2,8,14,24
0000006_05208_d_0000014.jpg,0,1,1,0,1,11,12
0000006_05575_d_0000016.jpg,0,0,1,0,0,15,15
0000006_05999_d_0000017.jpg,1,1,1,7,25,28,60
0000006_06773_d_0000018.jpg,1,1,1,6,10,22,38
0000006_07596_d_0000020.jpg,1,1,1,5,2,4,11
0000011_00234_d_0000001.jpg,1,1,1,71,5,2,78
0000011_01350_d_0000003.jpg,1,1,0,20,8,0,28
0000011_01955_d_0000004.jpg,1,1,1,26,13,2,41
0000011_02800_d_0000005.jpg,1,1,1,26,7,2,35
0000011_04202_d_0000007.jpg,1,1,1,25,14,3,42
0000011_05068_d_0000008.jpg,1,1,0,21,7,0,28
0000011_06000_d_0000009.jpg,1,1,1,47,14,3,64
0000011_06595_d_0000010.jpg,1,1,0,11,4,0,15
0000011_07307_d_0000011.jpg,1,1,1,29,22,4,55
0000011_08299_d_0000012.jpg,0,1,1,0,8,4,12
0000054_00786_d_0000001.jpg,1,1,1,25,41,2,68
0000063_00500_d_0000001.jpg,1,1,0,258,8,0,266
0000063_02235_d_0000003.jpg,1,1,1,78,12,3,93
0000063_03139_d_0000004.jpg,1,1,1,18,22,3,43
0000063_04000_d_0000005.jpg,1,1,1,38,9,3,50
0000063_05000_d_0000006.jpg,1,1,0,32,10,0,42
0000063_06000_d_0000007.jpg,1,1,1,4,19,5,28
0000063_07000_d_0000008.jpg,1,1,1,39,13,3,55
0000063_08000_d_0000009.jpg,1,1,0,107,12,0,119
0000063_08995_d_0000010.jpg,1,1,0,82,1,0,83
0000063_10000_d_0000011.jpg,1,1,0,98,2,0,100
0000063_11000_d_0000012.jpg,1,1,0,186,2,0,188
0000063_11817_d_0000013.jpg,1,0,0,125,0,0,125
0000063_12500_d_0000014.jpg,1,1,0,164,4,0,168
0000066_01097_d_0000002.jpg,1,1,0,240,22,0,262
0000073_00377_d_0000001.jpg,1,1,1,34,22,8,64
0000073_01275_d_0000002.jpg,1,1,1,69,33,13,115
0000073_03155_d_0000004.jpg,1,1,1,60,25,14,99
0000073_04009_d_0000005.jpg,1,1,1,71,33,14,118
0000073_05010_d_0000006.jpg,1,1,1,43,28,10,81
0000073_05999_d_0000007.jpg,1,1,1,38,33,22,93
0000074_01218_d_0000002.jpg,1,1,1,53,35,18,106
0000074_02723_d_0000005.jpg,1,1,1,20,23,23,66
0000074_03738_d_0000007.jpg,1,1,1,47,20,16,83
0000074_05715_d_0000011.jpg,1,1,1,46,27,8,81
0000074_06746_d_0000013.jpg,1,1,1,37,37,5,79
0000074_07297_d_0000014.jpg,1,1,1,56,41,18,115
0000074_07850_d_0000015.jpg,1,1,1,83,43,15,141
0000074_08202_d_0000016.jpg,1,1,1,31,40,9,80
0000074_08777_d_0000017.jpg,0,1,1,0,3,17,20
0000074_09738_d_0000019.jpg,1,1,1,30,30,30,90
0000074_10218_d_0000020.jpg,1,1,1,26,40,16,82
0000074_10730_d_0000021.jpg,1,1,1,39,42,16,97
0000074_11362_d_0000022.jpg,1,1,1,51,33,19,103
0000074_11827_d_0000023.jpg,1,1,1,56,42,15,113
0000074_12322_d_0000024.jpg,1,1,1,27,34,13,74
0000074_13313_d_0000026.jpg,1,1,1,66,34,26,126
0000074_13875_d_0000027.jpg,1,1,1,68,28,21,117
0000074_14850_d_0000029.jpg,1,1,1,52,34,11,97
0000074_15298_d_0000030.jpg,1,1,1,32,19,9,60
0000074_15793_d_0000031.jpg,1,1,1,26,29,10,65
0000074_16210_d_0000032.jpg,1,1,1,57,25,7,89
0000078_00490_d_0000002.jpg,1,1,1,17,12,5,34
0000078_01314_d_0000004.jpg,1,1,1,1,1,5,7
0000078_01938_d_0000006.jpg,0,0,1,0,0,8,8
0000078_02363_d_0000007.jpg,0,1,1,0,1,3,4
0000078_02778_d_0000008.jpg,1,1,1,29,24,2,55
0000078_03171_d_0000009.jpg,1,1,1,38,26,11,75
0000078_03315_d_0000010.jpg,0,1,1,0,7,6,13
0000078_03810_d_0000011.jpg,0,1,1,0,6,10,16
0000078_04210_d_0000012.jpg,0,0,1,0,0,3,3
0000078_04546_d_0000013.jpg,0,1,1,0,5,5,10
0000078_05467_d_0000015.jpg,0,0,1,0,0,3,3
0000078_05939_d_0000016.jpg,0,0,1,0,0,1,1
0000078_06363_d_0000017.jpg,1,1,1,5,4,5,14
0000078_06506_d_0000018.jpg,1,1,1,3,1,2,6
0000078_06586_d_0000019.jpg,1,1,1,5,7,7,19
0000078_06777_d_0000020.jpg,0,0,1,0,0,1,1
0000078_07266_d_0000021.jpg,0,1,1,0,3,3,6
0000078_07819_d_0000023.jpg,0,1,1,0,3,5,8
0000083_00803_d_0000003.jpg,1,1,0,30,24,0,54
0000087_00009_d_0000001.jpg,1,1,0,62,15,0,77
0000087_00299_d_0000002.jpg,1,1,0,112,26,0,138
0000087_00700_d_0000003.jpg,1,1,0,141,15,0,156
0000087_01140_d_0000004.jpg,1,1,0,100,18,0,118
0000087_01580_d_0000005.jpg,1,1,1,63,11,1,75
0000105_01556_d_0000069.jpg,1,1,1,39,12,4,55
0000105_01748_d_0000070.jpg,1,1,1,36,10,1,47
0000105_02201_d_0000071.jpg,1,1,1,1,1,9,11
0000105_02539_d_0000072.jpg,1,1,1,24,32,8,64
0000105_02747_d_0000073.jpg,1,1,1,11,7,7,25
0000105_02931_d_0000074.jpg,1,1,1,19,10,4,33
0000118_02327_d_0000076.jpg,1,1,1,44,15,8,67
0000118_02632_d_0000077.jpg,1,1,1,44,19,4,67
0000120_00559_d_0000092.jpg,1,1,1,45,8,6,59
0000120_01392_d_0000094.jpg,1,1,1,29,12,2,43
0000120_01535_d_0000095.jpg,0,1,1,0,1,5,6
0000120_02001_d_0000096.jpg,1,1,1,81,12,2,95
0000120_02946_d_0000098.jpg,1,1,1,9,10,4,23
0000120_03922_d_0000100.jpg,1,1,1,9,20,4,33
0000120_04920_d_0000102.jpg,1,1,1,34,13,4,51
0000120_05373_d_0000103.jpg,1,1,1,47,9,5,61
0000120_06848_d_0000106.jpg,1,1,1,43,10,5,58
0000120_07578_d_0000108.jpg,1,1,1,36,9,6,51
0000127_00002_d_0000119.jpg,1,1,1,124,59,21,204
0000127_00265_d_0000120.jpg,1,1,1,99,62,23,184
0000127_01002_d_0000123.jpg,1,1,1,53,34,22,109
0000152_00100_d_0000145.jpg,1,1,1,36,7,1,44
0000152_00599_d_0000146.jpg,1,1,1,27,5,4,36
0000152_02214_d_0000150.jpg,1,1,1,36,15,4,55
0000152_03226_d_0000153.jpg,1,1,1,50,14,2,66
0000161_01584_d_0000158.jpg,1,1,1,186,13,3,202
0000164_00078_d_0000159.jpg,1,1,1,41,7,3,51
0000164_01068_d_0000162.jpg,1,1,1,23,2,1,26
0000164_01302_d_0000163.jpg,1,1,1,25,6,1,32
0000164_01840_d_0000165.jpg,1,0,0,41,0,0,41
0000183_00031_d_0000176.jpg,1,1,1,67,5,1,73
0000183_00216_d_0000177.jpg,1,1,1,39,9,1,49
0000184_00512_d_0000182.jpg,1,1,0,57,7,0,64
0000186_00901_d_0000187.jpg,1,1,0,65,5,0,70
0000186_01387_d_0000188.jpg,1,1,1,19,7,1,27
0000187_00024_d_0000189.jpg,1,1,0,55,7,0,62
0000187_00444_d_0000190.jpg,1,1,0,44,3,0,47
0000187_00666_d_0000191.jpg,1,1,0,28,1,0,29
0000189_00297_d_0000198.jpg,1,1,0,72,4,0,76
0000190_00023_d_0000201.jpg,1,1,0,36,8,0,44
0000190_00172_d_0000202.jpg,1,1,1,64,7,2,73
0000192_00522_d_0000213.jpg,1,1,0,26,4,0,30
0000207_00000_d_0000001.jpg,1,1,0,41,3,0,44
0000207_00100_d_0000002.jpg,1,1,0,40,3,0,43
0000207_00300_d_0000004.jpg,1,1,0,30,4,0,34
0000207_00500_d_0000006.jpg,1,1,0,58,1,0,59
0000207_00600_d_0000007.jpg,1,1,0,47,3,0,50
0000207_00700_d_0000008.jpg,1,1,0,72,7,0,79
0000250_02350_d_0000001.jpg,1,1,0,23,4,0,27
0000259_00000_d_0000001.jpg,1,1,1,25,10,7,42
0000259_00500_d_0000002.jpg,1,1,1,16,15,4,35
0000259_01000_d_0000003.jpg,1,1,1,23,8,5,36
0000259_02000_d_0000005.jpg,1,1,1,29,16,6,51
0000259_02500_d_0000006.jpg,1,1,1,20,10,9,39
0000259_03000_d_0000007.jpg,1,1,1,23,12,6,41
0000259_03500_d_0000008.jpg,1,1,1,11,7,6,24
0000265_00500_d_0000002.jpg,1,1,1,49,13,6,68
0000265_01500_d_0000004.jpg,1,1,1,75,16,13,104
0000265_02000_d_0000005.jpg,1,1,1,59,15,6,80
0000265_03000_d_0000007.jpg,1,1,1,129,25,9,163
0000265_03500_d_0000008.jpg,1,1,1,124,24,6,154
0000265_04000_d_0000009.jpg,1,1,1,131,22,7,160
0000265_04500_d_0000010.jpg,1,1,1,58,24,4,86
0000265_05000_d_0000011.jpg,1,1,1,76,14,6,96
0000272_00000_d_0000001.jpg,1,1,1,18,7,4,29
0000272_01000_d_0000003.jpg,0,1,1,0,18,24,42
0000272_01500_d_0000004.jpg,1,1,1,80,33,21,134
0000272_02000_d_0000005.jpg,1,1,1,54,23,16,93
0000272_02500_d_0000006.jpg,1,1,1,43,38,12,93
0000272_03500_d_0000008.jpg,1,1,1,13,15,8,36
0000272_04000_d_0000009.jpg,1,1,1,19,10,8,37
0000272_04500_d_0000010.jpg,1,1,1,28,9,9,46
0000272_05000_d_0000011.jpg,1,1,1,28,8,5,41
0000272_05500_d_0000012.jpg,1,1,1,26,9,6,41
0000278_02251_d_0000001.jpg,1,1,1,10,24,23,57
0000278_02351_d_0000002.jpg,1,1,1,15,24,27,66
0000278_02451_d_0000003.jpg,1,1,1,15,21,28,64
0000278_02951_d_0000008.jpg,1,1,1,54,28,21,103
0000282_00000_d_0000001.jpg,1,1,1,2,1,2,5
0000282_04000_d_0000009.jpg,1,0,1,5,0,2,7
0000294_00000_d_0000053.jpg,1,1,1,85,13,4,102
0000298_00000_d_0000070.jpg,1,1,1,93,20,8,121
0000299_00000_d_0000088.jpg,1,1,1,43,24,7,74
0000299_01200_d_0000096.jpg,1,1,1,39,14,2,55
0000299_01650_d_0000099.jpg,1,1,1,43,7,4,54
0000299_01800_d_0000100.jpg,1,1,1,37,12,6,55
0000299_02500_d_0000102.jpg,1,1,1,28,8,2,38
0000299_03500_d_0000104.jpg,1,1,1,38,10,6,54
0000299_04000_d_0000105.jpg,1,1,1,14,4,6,24
0000299_04500_d_0000106.jpg,1,1,1,15,5,4,24
0000299_05000_d_0000107.jpg,1,1,1,103,23,2,128
0000299_05500_d_0000108.jpg,1,1,1,67,31,11,109
0000302_03866_d_0000117.jpg,1,1,0,16,40,0,56
0000310_02500_d_0000123.jpg,1,1,1,37,19,5,61
0000310_03000_d_0000124.jpg,1,1,1,2,23,7,32
0000310_03500_d_0000125.jpg,0,1,1,0,3,6,9
0000310_04000_d_0000126.jpg,1,1,1,41,30,10,81
0000310_05822_d_0000130.jpg,1,1,1,18,22,3,43
0000314_00000_d_0000142.jpg,1,1,1,13,15,7,35
0000314_00500_d_0000143.jpg,1,1,1,20,8,6,34
0000314_01000_d_0000144.jpg,1,1,1,8,3,7,18
0000314_01500_d_0000145.jpg,1,1,1,5,7,9,21
0000314_01908_d_0000146.jpg,1,1,1,13,9,12,34
0000320_00150_d_0000003.jpg,1,1,1,32,20,8,60
0000320_00300_d_0000004.jpg,1,1,1,18,21,8,47
0000320_00450_d_0000005.jpg,1,1,1,4,14,9,27
0000320_00600_d_0000006.jpg,1,1,1,7,14,13,34
0000320_00750_d_0000007.jpg,1,1,1,12,26,6,44
0000320_00900_d_0000008.jpg,1,1,1,4,26,6,36
0000320_01050_d_0000009.jpg,1,1,1,19,30,10,59
0000320_01200_d_0000010.jpg,1,1,1,30,32,10,72
0000320_03950_d_0000011.jpg,1,1,1,106,79,8,193
0000320_04050_d_0000012.jpg,1,1,1,59,44,8,111
0000320_04200_d_0000013.jpg,1,1,1,9,17,9,35
0000320_04375_d_0000014.jpg,1,1,1,29,15,5,49
0000321_00000_d_0000015.jpg,1,1,1,104,35,8,147
0000321_00268_d_0000016.jpg,1,1,1,14,32,9,55
0000328_00150_d_0000019.jpg,1,1,1,37,7,4,48
0000328_00300_d_0000020.jpg,1,1,1,51,9,3,63
0000328_00600_d_0000022.jpg,1,1,1,44,12,7,63
0000328_01050_d_0000025.jpg,1,1,1,38,14,4,56
0000337_00500_d_0000037.jpg,1,1,1,17,5,22,44
0000337_01000_d_0000038.jpg,1,1,1,27,7,28,62
0000337_01500_d_0000039.jpg,1,1,1,18,9,25,52
0000337_02000_d_0000040.jpg,1,1,1,16,8,15,39
0000337_02500_d_0000041.jpg,1,0,1,14,0,19,33
0000337_03000_d_0000042.jpg,1,1,1,16,1,16,33
0000337_03500_d_0000043.jpg,1,1,1,6,2,12,20
0000337_04000_d_0000044.jpg,1,1,1,2,2,11,15
0000337_04362_d_0000045.jpg,1,1,1,3,2,10,15
0000347_00000_d_0000046.jpg,1,1,1,51,16,6,73
0000347_00100_d_0000047.jpg,1,1,1,43,20,5,68
0000347_00511_d_0000048.jpg,1,1,1,35,18,4,57
0000347_00800_d_0000049.jpg,1,1,1,42,24,5,71
0000347_01250_d_0000050.jpg,1,1,1,37,13,6,56
0000347_01728_d_0000051.jpg,1,1,1,33,12,4,49
0000347_02000_d_0000052.jpg,1,1,1,54,17,6,77
0000353_00000_d_0000188.jpg,1,1,1,30,17,3,50
0000353_00500_d_0000189.jpg,1,1,1,43,12,4,59
0000353_01000_d_0000190.jpg,1,1,1,48,14,3,65
0000353_01500_d_0000191.jpg,1,1,1,34,7,5,46
0000353_02000_d_0000192.jpg,1,1,1,30,14,4,48
0000353_02500_d_0000193.jpg,1,1,1,13,13,6,32
0000353_03500_d_0000195.jpg,1,1,1,37,7,1,45
0000353_04500_d_0000197.jpg,1,1,1,67,18,5,90
0000353_05000_d_0000198.jpg,1,1,1,27,9,4,40
0000353_05500_d_0000199.jpg,1,1,1,29,6,1,36
0000353_06000_d_0000200.jpg,1,1,1,30,3,3,36
0000355_00000_d_0000206.jpg,1,1,1,44,15,5,64
0000355_01000_d_0000208.jpg,1,1,1,15,12,2,29
0000355_02500_d_0000211.jpg,1,1,0,18,2,0,20
0000365_00000_d_0000223.jpg,1,1,1,47,5,2,54
0000365_00500_d_0000224.jpg,1,1,0,54,1,0,55
0000365_01000_d_0000225.jpg,1,1,1,40,5,1,46
0000365_01500_d_0000226.jpg,1,1,1,43,1,1,45
0000369_00500_d_0000242.jpg,0,1,1,0,1,2,3
0000369_02000_d_0000245.jpg,0,1,1,0,1,3,4
0000370_00000_d_0000250.jpg,1,0,1,5,0,4,9
0000370_02000_d_0000254.jpg,0,1,0,0,1,0,1
0000370_03000_d_0000256.jpg,1,1,1,1,1,2,4
9999938_00000_d_0000001.jpg,1,1,1,20,1,6,27
9999938_00000_d_0000002.jpg,1,1,1,26,3,6,35
9999938_00000_d_0000003.jpg,1,1,0,17,1,0,18
9999938_00000_d_0000004.jpg,1,1,1,7,9,3,19
9999938_00000_d_0000005.jpg,1,1,1,9,4,5,18
9999938_00000_d_0000006.jpg,1,1,1,9,2,3,14
9999938_00000_d_0000007.jpg,1,1,1,20,11,3,34
9999938_00000_d_0000008.jpg,1,1,1,9,7,3,19
9999938_00000_d_0000009.jpg,1,1,0,18,15,0,33
9999938_00000_d_0000010.jpg,1,1,0,22,6,0,28
9999938_00000_d_0000011.jpg,1,1,0,33,6,0,39
9999938_00000_d_0000012.jpg,1,1,1,29,13,1,43
9999938_00000_d_0000013.jpg,1,1,0,4,16,0,20
9999938_00000_d_0000014.jpg,1,1,0,10,16,0,26
9999938_00000_d_0000015.jpg,1,1,1,1,22,6,29
9999938_00000_d_0000016.jpg,1,1,1,4,17,9,30
9999938_00000_d_0000017.jpg,0,1,1,0,10,6,16
9999938_00000_d_0000018.jpg,1,1,1,35,16,1,52
9999938_00000_d_0000019.jpg,1,1,0,53,13,0,66
9999938_00000_d_0000020.jpg,1,1,0,35,21,0,56
9999938_00000_d_0000021.jpg,1,1,0,5,8,0,13
9999938_00000_d_0000022.jpg,1,1,0,24,3,0,27
9999938_00000_d_0000023.jpg,1,1,0,30,2,0,32
9999938_00000_d_0000024.jpg,0,1,1,0,13,5,18
9999938_00000_d_0000025.jpg,0,1,1,0,13,7,20
9999938_00000_d_0000026.jpg,1,1,1,5,12,7,24
9999938_00000_d_0000027.jpg,1,1,0,12,7,0,19
9999938_00000_d_0000028.jpg,1,1,1,9,8,2,19
9999938_00000_d_0000029.jpg,0,1,1,0,10,10,20
9999938_00000_d_0000030.jpg,1,1,0,16,7,0,23
9999938_00000_d_0000031.jpg,1,1,1,22,10,3,35
9999938_00000_d_0000032.jpg,1,1,1,12,9,2,23
9999938_00000_d_0000033.jpg,1,1,1,8,13,5,26
9999938_00000_d_0000034.jpg,1,1,1,14,8,5,27
9999938_00000_d_0000035.jpg,1,1,1,24,10,6,40
9999938_00000_d_0000036.jpg,1,1,1,14,8,7,29
9999938_00000_d_0000037.jpg,1,1,1,18,7,6,31
9999938_00000_d_0000038.jpg,1,1,1,7,4,8,19
9999938_00000_d_0000039.jpg,1,1,0,20,2,0,22
9999938_00000_d_0000040.jpg,1,1,0,18,3,0,21
9999938_00000_d_0000041.jpg,1,1,1,5,8,2,15
9999938_00000_d_0000042.jpg,1,1,1,15,5,2,22
9999938_00000_d_0000043.jpg,1,1,1,7,10,3,20
9999938_00000_d_0000044.jpg,1,1,1,17,7,1,25
9999938_00000_d_0000045.jpg,1,1,1,18,6,1,25
9999938_00000_d_0000046.jpg,1,1,1,12,8,2,22
9999938_00000_d_0000047.jpg,1,1,0,17,1,0,18
9999938_00000_d_0000048.jpg,1,1,1,10,6,2,18
9999938_00000_d_0000049.jpg,1,1,1,4,8,4,16
9999938_00000_d_0000050.jpg,1,1,1,6,8,1,15
9999938_00000_d_0000051.jpg,1,1,1,3,6,2,11
9999938_00000_d_0000052.jpg,1,1,1,9,16,1,26
9999938_00000_d_0000053.jpg,1,1,1,34,6,1,41
9999938_00000_d_0000054.jpg,1,1,1,3,13,3,19
9999938_00000_d_0000055.jpg,1,1,1,7,17,5,29
9999938_00000_d_0000056.jpg,1,1,1,11,15,5,31
9999938_00000_d_0000057.jpg,1,1,1,26,8,1,35
9999938_00000_d_0000058.jpg,1,1,1,8,16,1,25
9999938_00000_d_0000059.jpg,1,1,1,15,4,7,26
9999938_00000_d_0000060.jpg,1,1,1,14,5,5,24
9999938_00000_d_0000061.jpg,1,1,0,23,4,0,27
9999938_00000_d_0000062.jpg,1,1,0,8,5,0,13
9999938_00000_d_0000063.jpg,1,1,0,18,4,0,22
9999938_00000_d_0000064.jpg,1,1,1,7,4,1,12
9999938_00000_d_0000065.jpg,1,1,0,19,5,0,24
9999938_00000_d_0000066.jpg,1,1,1,10,8,1,19
9999938_00000_d_0000067.jpg,1,1,1,22,8,2,32
9999938_00000_d_0000068.jpg,1,1,1,37,4,2,43
9999938_00000_d_0000069.jpg,1,1,1,32,1,2,35
9999938_00000_d_0000070.jpg,1,1,0,8,5,0,13
9999938_00000_d_0000071.jpg,1,1,1,26,3,6,35
9999938_00000_d_0000072.jpg,1,1,1,29,3,6,38
9999938_00000_d_0000073.jpg,1,1,1,57,5,2,64
9999938_00000_d_0000074.jpg,1,1,1,42,5,3,50
9999938_00000_d_0000075.jpg,1,1,1,111,3,1,115
9999938_00000_d_0000076.jpg,1,0,1,53,0,1,54
9999938_00000_d_0000077.jpg,1,1,0,47,1,0,48
9999938_00000_d_0000078.jpg,1,1,1,24,1,1,26
9999938_00000_d_0000079.jpg,1,1,1,42,3,1,46
9999938_00000_d_0000080.jpg,1,1,1,103,8,2,113
9999938_00000_d_0000081.jpg,1,1,1,45,4,1,50
9999938_00000_d_0000082.jpg,1,1,1,55,3,4,62
9999938_00000_d_0000083.jpg,1,0,1,27,0,6,33
9999938_00000_d_0000084.jpg,1,1,1,18,1,7,26
9999938_00000_d_0000085.jpg,1,1,1,38,1,3,42
9999938_00000_d_0000086.jpg,1,1,1,76,4,3,83
9999938_00000_d_0000087.jpg,1,1,1,76,5,2,83
9999938_00000_d_0000088.jpg,1,1,1,58,8,1,67
9999938_00000_d_0000089.jpg,1,1,1,53,1,1,55
9999938_00000_d_0000090.jpg,1,1,1,30,1,2,33
9999938_00000_d_0000091.jpg,1,1,1,10,4,1,15
9999938_00000_d_0000092.jpg,1,1,0,11,5,0,16
9999938_00000_d_0000093.jpg,1,1,1,18,6,3,27
9999938_00000_d_0000094.jpg,1,1,1,43,7,1,51
9999938_00000_d_0000095.jpg,1,1,1,27,4,2,33
9999938_00000_d_0000096.jpg,1,1,0,36,7,0,43
9999938_00000_d_0000097.jpg,1,1,1,28,8,2,38
9999938_00000_d_0000098.jpg,1,1,1,69,3,1,73
9999938_00000_d_0000099.jpg,1,1,1,90,2,1,93
9999938_00000_d_0000100.jpg,1,1,1,65,7,3,75
9999938_00000_d_0000101.jpg,1,1,1,77,8,2,87
9999938_00000_d_0000102.jpg,1,1,1,11,1,3,15
9999938_00000_d_0000103.jpg,1,1,1,19,2,3,24
9999938_00000_d_0000104.jpg,1,1,1,109,3,4,116
9999938_00000_d_0000105.jpg,1,1,1,119,3,4,126
9999938_00000_d_0000106.jpg,1,1,1,143,3,4,150
9999938_00000_d_0000107.jpg,1,1,0,147,2,0,149
9999938_00000_d_0000108.jpg,1,0,1,43,0,2,45
9999938_00000_d_0000109.jpg,1,1,1,56,2,1,59
9999938_00000_d_0000110.jpg,1,0,1,30,0,4,34
9999938_00000_d_0000111.jpg,1,1,1,44,2,4,50
9999938_00000_d_0000112.jpg,1,1,1,40,2,7,49
9999938_00000_d_0000113.jpg,1,1,1,12,8,4,24
9999938_00000_d_0000114.jpg,1,1,1,7,2,5,14
9999938_00000_d_0000115.jpg,1,1,1,47,1,4,52
9999938_00000_d_0000116.jpg,1,0,0,22,0,0,22
9999938_00000_d_0000117.jpg,1,0,1,27,0,1,28
9999938_00000_d_0000118.jpg,1,1,1,29,1,1,31
9999938_00000_d_0000119.jpg,1,1,1,85,5,2,92
9999938_00000_d_0000120.jpg,1,1,1,116,5,2,123
9999938_00000_d_0000121.jpg,1,0,0,176,0,0,176
9999938_00000_d_0000122.jpg,1,0,1,89,0,3,92
9999938_00000_d_0000123.jpg,1,1,1,82,3,2,87
9999938_00000_d_0000124.jpg,1,1,1,30,1,3,34
9999938_00000_d_0000125.jpg,1,1,1,123,3,2,128
9999938_00000_d_0000126.jpg,1,1,1,137,2,1,140
9999938_00000_d_0000127.jpg,1,0,1,226,0,1,227
9999938_00000_d_0000128.jpg,1,0,0,187,0,0,187
9999938_00000_d_0000129.jpg,1,1,1,102,3,1,106
9999938_00000_d_0000130.jpg,1,1,1,68,11,3,82
9999938_00000_d_0000131.jpg,1,1,1,70,8,2,80
9999938_00000_d_0000132.jpg,1,1,1,96,4,3,103
9999938_00000_d_0000133.jpg,1,1,1,74,2,4,80
9999938_00000_d_0000134.jpg,1,1,1,67,8,2,77
9999938_00000_d_0000135.jpg,1,1,1,36,10,1,47
9999938_00000_d_0000136.jpg,1,1,1,33,2,3,38
9999938_00000_d_0000137.jpg,1,1,1,39,3,3,45
9999938_00000_d_0000138.jpg,1,1,1,36,7,2,45
9999938_00000_d_0000139.jpg,1,1,1,7,1,5,13
9999938_00000_d_0000140.jpg,1,1,1,15,2,6,23
9999938_00000_d_0000141.jpg,1,1,1,21,4,3,28
9999938_00000_d_0000142.jpg,1,1,1,19,7,7,33
9999938_00000_d_0000143.jpg,1,1,1,15,7,3,25
9999938_00000_d_0000144.jpg,1,1,1,27,11,7,45
9999938_00000_d_0000145.jpg,1,1,1,29,13,5,47
9999938_00000_d_0000146.jpg,1,1,1,19,6,3,28
9999938_00000_d_0000147.jpg,1,1,1,24,5,2,31
9999938_00000_d_0000148.jpg,1,1,0,18,1,0,19
9999938_00000_d_0000149.jpg,1,1,1,15,4,3,22
9999938_00000_d_0000150.jpg,1,0,1,7,0,5,12
9999938_00000_d_0000151.jpg,1,1,1,15,3,1,19
9999938_00000_d_0000152.jpg,1,1,1,22,6,4,32
9999938_00000_d_0000153.jpg,1,1,1,13,4,5,22
9999938_00000_d_0000154.jpg,1,1,1,7,5,7,19
9999938_00000_d_0000155.jpg,1,1,1,25,10,2,37
9999938_00000_d_0000156.jpg,1,1,1,12,5,5,22
9999938_00000_d_0000157.jpg,1,1,1,6,2,8,16
9999938_00000_d_0000158.jpg,1,0,1,4,0,5,9
9999938_00000_d_0000159.jpg,1,1,1,6,5,11,22
9999938_00000_d_0000160.jpg,1,1,1,46,10,3,59
9999938_00000_d_0000161.jpg,1,1,1,25,3,2,30
9999938_00000_d_0000162.jpg,1,1,1,55,7,5,67
9999938_00000_d_0000163.jpg,1,1,1,30,9,6,45
9999938_00000_d_0000164.jpg,1,1,1,50,5,2,57
9999938_00000_d_0000165.jpg,1,1,1,1,7,3,11
9999938_00000_d_0000166.jpg,1,1,1,33,7,3,43
9999938_00000_d_0000167.jpg,1,1,1,16,1,4,21
9999938_00000_d_0000168.jpg,1,1,1,19,4,3,26
9999938_00000_d_0000169.jpg,1,1,0,56,7,0,63
9999938_00000_d_0000170.jpg,1,1,0,99,2,0,101
9999938_00000_d_0000171.jpg,1,1,0,107,1,0,108
9999938_00000_d_0000172.jpg,1,1,0,136,3,0,139
9999938_00000_d_0000173.jpg,1,1,1,71,3,1,75
9999938_00000_d_0000174.jpg,1,1,1,54,6,1,61
9999938_00000_d_0000175.jpg,1,1,1,31,8,2,41
9999938_00000_d_0000176.jpg,1,1,1,33,15,3,51
9999938_00000_d_0000177.jpg,1,1,1,75,19,2,96
9999938_00000_d_0000178.jpg,1,1,1,82,11,3,96
9999938_00000_d_0000179.jpg,1,1,1,83,16,2,101
9999938_00000_d_0000180.jpg,1,1,1,142,11,1,154
9999938_00000_d_0000181.jpg,1,1,1,47,20,5,72
9999938_00000_d_0000182.jpg,1,1,1,26,21,1,48
9999938_00000_d_0000183.jpg,1,1,1,24,30,3,57
9999938_00000_d_0000184.jpg,1,1,1,28,16,1,45
9999938_00000_d_0000185.jpg,1,1,0,118,5,0,123
9999938_00000_d_0000186.jpg,1,1,0,32,4,0,36
9999938_00000_d_0000187.jpg,1,1,0,22,8,0,30
9999938_00000_d_0000188.jpg,1,1,0,238,2,0,240
9999938_00000_d_0000189.jpg,1,1,0,295,1,0,296
9999938_00000_d_0000190.jpg,1,1,1,34,11,1,46
9999938_00000_d_0000191.jpg,1,1,0,51,6,0,57
9999938_00000_d_0000192.jpg,1,1,0,67,11,0,78
9999938_00000_d_0000193.jpg,1,1,0,67,9,0,76
9999938_00000_d_0000194.jpg,1,1,1,21,19,1,41
9999938_00000_d_0000195.jpg,1,1,1,16,37,2,55
9999938_00000_d_0000196.jpg,1,1,1,12,14,2,28
9999938_00000_d_0000197.jpg,1,1,1,14,40,2,56
9999938_00000_d_0000198.jpg,1,1,1,14,22,2,38
9999938_00000_d_0000199.jpg,1,1,1,20,16,4,40
9999938_00000_d_0000200.jpg,1,1,1,37,13,1,51
9999938_00000_d_0000201.jpg,1,1,1,8,10,2,20
9999938_00000_d_0000202.jpg,1,1,0,66,4,0,70
9999938_00000_d_0000203.jpg,1,1,1,30,27,2,59
9999938_00000_d_0000204.jpg,1,1,1,40,11,2,53
9999938_00000_d_0000205.jpg,1,1,0,297,6,0,303
9999938_00000_d_0000206.jpg,1,1,0,213,7,0,220
9999938_00000_d_0000207.jpg,1,1,1,451,8,2,461
9999938_00000_d_0000208.jpg,1,1,1,386,12,2,400
9999938_00000_d_0000209.jpg,1,1,1,191,19,2,212
9999938_00000_d_0000210.jpg,1,1,1,342,26,1,369
9999938_00000_d_0000211.jpg,1,1,1,268,15,3,286
9999938_00000_d_0000212.jpg,1,1,0,297,22,0,319
9999938_00000_d_0000213.jpg,1,1,0,289,40,0,329
9999938_00000_d_0000214.jpg,1,1,1,160,39,2,201
9999938_00000_d_0000215.jpg,1,1,1,180,29,1,210
9999938_00000_d_0000216.jpg,1,1,1,263,20,1,284
9999938_00000_d_0000217.jpg,1,1,1,308,24,1,333
9999938_00000_d_0000218.jpg,1,1,1,226,28,1,255
9999938_00000_d_0000219.jpg,1,1,0,180,9,0,189
9999938_00000_d_0000220.jpg,1,1,1,202,4,2,208
9999938_00000_d_0000221.jpg,1,1,1,86,3,1,90
9999938_00000_d_0000222.jpg,1,1,1,44,9,1,54
9999938_00000_d_0000223.jpg,1,1,0,32,6,0,38
9999938_00000_d_0000224.jpg,1,1,0,34,1,0,35
9999938_00000_d_0000225.jpg,1,1,0,31,3,0,34
9999938_00000_d_0000226.jpg,1,1,0,46,4,0,50
9999938_00000_d_0000227.jpg,1,1,0,64,1,0,65
9999938_00000_d_0000228.jpg,1,1,0,103,2,0,105
9999938_00000_d_0000229.jpg,1,1,1,17,15,1,33
9999938_00000_d_0000230.jpg,1,1,0,27,17,0,44
9999938_00000_d_0000231.jpg,1,1,0,40,25,0,65
9999938_00000_d_0000232.jpg,1,1,0,34,33,0,67
9999938_00000_d_0000233.jpg,1,1,0,21,27,0,48
9999938_00000_d_0000234.jpg,1,1,0,41,28,0,69
9999938_00000_d_0000235.jpg,1,1,1,63,8,1,72
9999938_00000_d_0000236.jpg,1,1,1,71,5,2,78
9999938_00000_d_0000237.jpg,1,1,0,23,25,0,48
9999938_00000_d_0000238.jpg,1,1,1,21,6,2,29
9999938_00000_d_0000239.jpg,1,1,0,89,2,0,91
9999938_00000_d_0000240.jpg,1,1,1,23,15,2,40
9999938_00000_d_0000241.jpg,1,1,1,15,9,1,25
9999938_00000_d_0000242.jpg,1,1,1,9,15,1,25
9999938_00000_d_0000243.jpg,1,1,1,18,12,1,31
9999938_00000_d_0000244.jpg,1,1,1,18,24,5,47
9999938_00000_d_0000245.jpg,1,1,1,27,23,7,57
9999938_00000_d_0000246.jpg,1,1,1,14,13,3,30
9999938_00000_d_0000247.jpg,1,0,0,132,0,0,132
9999938_00000_d_0000248.jpg,1,1,1,14,24,2,40
9999938_00000_d_0000249.jpg,1,1,1,3,22,7,32
9999938_00000_d_0000250.jpg,1,1,1,8,18,3,29
9999938_00000_d_0000251.jpg,1,1,1,16,12,1,29
9999938_00000_d_0000252.jpg,1,1,0,19,1,0,20
9999938_00000_d_0000253.jpg,1,1,0,47,5,0,52
9999938_00000_d_0000254.jpg,1,0,0,51,0,0,51
9999938_00000_d_0000255.jpg,1,1,0,12,4,0,16
9999938_00000_d_0000256.jpg,1,1,0,37,5,0,42
9999938_00000_d_0000257.jpg,1,1,1,39,18,1,58
9999938_00000_d_0000258.jpg,1,1,0,55,12,0,67
9999938_00000_d_0000259.jpg,1,1,0,21,13,0,34
9999938_00000_d_0000260.jpg,1,1,1,47,7,1,55
9999938_00000_d_0000261.jpg,1,1,0,8,11,0,19
9999938_00000_d_0000262.jpg,1,1,0,31,8,0,39
9999938_00000_d_0000263.jpg,1,1,1,19,1,9,29
9999938_00000_d_0000264.jpg,1,1,1,7,4,8,19
9999938_00000_d_0000265.jpg,1,1,0,31,16,0,47
9999938_00000_d_0000266.jpg,1,1,0,23,9,0,32
9999938_00000_d_0000267.jpg,1,1,1,15,5,1,21
9999938_00000_d_0000268.jpg,1,1,0,21,16,0,37
9999938_00000_d_0000269.jpg,1,1,1,21,4,2,27
9999938_00000_d_0000270.jpg,1,1,0,13,15,0,28
9999938_00000_d_0000271.jpg,1,1,0,15,25,0,40
9999938_00000_d_0000272.jpg,1,1,0,18,15,0,33
9999938_00000_d_0000273.jpg,1,1,0,31,8,0,39
9999938_00000_d_0000274.jpg,1,1,0,33,6,0,39
9999938_00000_d_0000275.jpg,1,1,0,30,4,0,34
9999938_00000_d_0000276.jpg,1,1,0,19,6,0,25
9999938_00000_d_0000277.jpg,1,1,0,23,3,0,26
9999938_00000_d_0000278.jpg,1,1,0,38,8,0,46
9999938_00000_d_0000279.jpg,1,1,0,68,5,0,73
9999938_00000_d_0000280.jpg,1,0,0,34,0,0,34
9999938_00000_d_0000281.jpg,1,1,0,39,8,0,47
9999938_00000_d_0000282.jpg,1,1,1,24,17,1,42
9999938_00000_d_0000283.jpg,1,1,0,35,8,0,43
9999938_00000_d_0000284.jpg,1,1,0,47,2,0,49
9999938_00000_d_0000285.jpg,1,1,0,17,11,0,28
9999938_00000_d_0000286.jpg,1,1,0,29,2,0,31
9999938_00000_d_0000287.jpg,1,1,0,29,4,0,33
9999938_00000_d_0000288.jpg,1,1,0,33,4,0,37
9999938_00000_d_0000289.jpg,1,1,0,32,9,0,41
9999938_00000_d_0000290.jpg,1,1,0,55,4,0,59
9999938_00000_d_0000291.jpg,1,1,1,25,1,1,27
9999938_00000_d_0000292.jpg,1,1,0,25,5,0,30
9999938_00000_d_0000293.jpg,1,1,0,23,10,0,33
9999938_00000_d_0000294.jpg,1,1,0,1,14,0,15
9999938_00000_d_0000295.jpg,1,1,1,11,12,1,24
9999938_00000_d_0000296.jpg,1,1,1,36,6,1,43
9999938_00000_d_0000297.jpg,1,1,0,20,3,0,23
9999938_00000_d_0000298.jpg,1,1,0,51,5,0,56
9999938_00000_d_0000299.jpg,1,1,1,13,15,1,29
9999938_00000_d_0000300.jpg,1,1,0,108,1,0,109
9999938_00000_d_0000301.jpg,1,1,0,32,7,0,39
9999938_00000_d_0000302.jpg,1,1,0,9,17,0,26
9999938_00000_d_0000303.jpg,1,1,1,10,8,1,19
9999938_00000_d_0000304.jpg,1,1,1,1,9,1,11
9999938_00000_d_0000305.jpg,1,1,1,2,7,2,11
9999938_00000_d_0000306.jpg,1,1,1,14,9,1,24
9999938_00000_d_0000307.jpg,1,1,0,5,9,0,14
9999938_00000_d_0000308.jpg,1,1,1,28,8,2,38
9999938_00000_d_0000309.jpg,1,1,0,3,5,0,8
9999938_00000_d_0000310.jpg,1,1,1,34,19,1,54
9999938_00000_d_0000311.jpg,1,1,1,30,26,3,59
9999938_00000_d_0000312.jpg,1,1,1,53,9,1,63
9999938_00000_d_0000313.jpg,1,1,1,42,11,1,54
9999938_00000_d_0000314.jpg,1,1,1,28,8,2,38
9999938_00000_d_0000315.jpg,1,1,1,14,6,1,21
9999938_00000_d_0000316.jpg,1,1,0,22,6,0,28
9999938_00000_d_0000317.jpg,1,1,1,17,7,1,25
9999938_00000_d_0000318.jpg,1,1,1,15,8,1,24
9999938_00000_d_0000319.jpg,1,1,0,18,6,0,24
9999938_00000_d_0000320.jpg,1,1,1,12,7,3,22
9999938_00000_d_0000321.jpg,1,1,1,13,9,2,24
9999938_00000_d_0000322.jpg,0,1,1,0,7,2,9
9999938_00000_d_0000323.jpg,1,1,1,26,10,2,38
9999938_00000_d_0000324.jpg,1,1,1,38,20,2,60
9999938_00000_d_0000325.jpg,1,1,1,40,18,2,60
9999938_00000_d_0000326.jpg,1,1,1,29,23,2,54
9999938_00000_d_0000327.jpg,1,1,1,39,17,4,60
9999938_00000_d_0000328.jpg,1,1,1,24,8,3,35
9999938_00000_d_0000329.jpg,1,1,1,5,5,3,13
9999938_00000_d_0000330.jpg,1,1,1,30,5,2,37
9999938_00000_d_0000331.jpg,1,1,0,44,2,0,46
9999938_00000_d_0000332.jpg,1,1,1,32,15,2,49
9999938_00000_d_0000333.jpg,1,1,1,2,2,2,6
9999938_00000_d_0000334.jpg,1,1,1,14,15,1,30
9999938_00000_d_0000335.jpg,1,1,1,25,12,1,38
9999938_00000_d_0000336.jpg,1,1,1,13,9,2,24
9999938_00000_d_0000337.jpg,1,1,1,39,5,1,45
9999938_00000_d_0000338.jpg,1,1,0,3,11,0,14
9999938_00000_d_0000339.jpg,1,1,1,3,3,6,12
9999938_00000_d_0000340.jpg,1,1,1,7,9,2,18
9999938_00000_d_0000341.jpg,1,1,1,9,9,4,22
9999938_00000_d_0000342.jpg,1,1,1,11,8,3,22
9999938_00000_d_0000343.jpg,1,1,1,2,6,4,12
9999938_00000_d_0000344.jpg,1,1,0,6,10,0,16
9999938_00000_d_0000345.jpg,1,1,0,25,7,0,32
9999938_00000_d_0000346.jpg,1,1,1,7,7,6,20
9999938_00000_d_0000347.jpg,1,1,1,1,2,3,6
9999938_00000_d_0000348.jpg,1,1,1,13,8,1,22
9999938_00000_d_0000349.jpg,1,1,0,28,7,0,35
9999938_00000_d_0000350.jpg,1,1,1,42,9,1,52
9999938_00000_d_0000351.jpg,1,1,0,3,15,0,18
9999938_00000_d_0000352.jpg,1,1,0,23,16,0,39
9999938_00000_d_0000353.jpg,1,1,0,29,9,0,38
9999938_00000_d_0000354.jpg,1,1,1,3,20,1,24
9999938_00000_d_0000355.jpg,1,1,1,50,6,2,58
9999938_00000_d_0000356.jpg,1,1,0,31,8,0,39
9999938_00000_d_0000357.jpg,1,1,0,34,4,0,38
9999938_00000_d_0000358.jpg,1,1,0,34,9,0,43
9999938_00000_d_0000359.jpg,1,1,1,3,17,1,21
9999938_00000_d_0000360.jpg,1,1,1,4,19,2,25
9999938_00000_d_0000361.jpg,1,1,1,3,27,1,31
9999938_00000_d_0000362.jpg,1,1,1,15,12,1,28
9999938_00000_d_0000363.jpg,1,1,0,35,8,0,43
9999938_00000_d_0000364.jpg,1,1,0,11,13,0,24
9999938_00000_d_0000365.jpg,1,1,0,2,17,0,19
9999938_00000_d_0000366.jpg,1,1,0,6,7,0,13
9999938_00000_d_0000367.jpg,1,1,1,3,21,2,26
9999938_00000_d_0000368.jpg,1,1,0,3,20,0,23
9999938_00000_d_0000369.jpg,1,1,0,40,4,0,44
9999938_00000_d_0000370.jpg,1,1,1,15,18,4,37
9999938_00000_d_0000371.jpg,1,1,0,25,8,0,33
9999938_00000_d_0000372.jpg,1,1,1,39,11,1,51
9999938_00000_d_0000373.jpg,1,1,0,63,2,0,65
9999938_00000_d_0000374.jpg,1,1,0,70,1,0,71
9999938_00000_d_0000375.jpg,1,1,0,45,1,0,46
9999938_00000_d_0000376.jpg,1,1,0,54,1,0,55
9999938_00000_d_0000377.jpg,1,1,0,46,1,0,47
9999938_00000_d_0000378.jpg,1,1,0,62,2,0,64
9999938_00000_d_0000379.jpg,1,1,0,59,4,0,63
9999938_00000_d_0000380.jpg,1,1,0,51,1,0,52
9999938_00000_d_0000381.jpg,1,1,0,28,6,0,34
9999938_00000_d_0000382.jpg,1,1,1,38,6,1,45
9999938_00000_d_0000383.jpg,1,1,0,49,2,0,51
9999938_00000_d_0000384.jpg,1,1,0,48,3,0,51
9999938_00000_d_0000385.jpg,1,1,0,29,1,0,30
9999938_00000_d_0000386.jpg,1,0,0,48,0,0,48
9999938_00000_d_0000387.jpg,1,1,0,37,2,0,39
9999938_00000_d_0000388.jpg,1,0,0,37,0,0,37
9999938_00000_d_0000389.jpg,1,1,0,39,1,0,40
9999938_00000_d_0000390.jpg,1,0,0,44,0,0,44
9999938_00000_d_0000391.jpg,1,1,0,39,3,0,42
9999938_00000_d_0000392.jpg,1,1,0,41,1,0,42
9999938_00000_d_0000393.jpg,1,1,0,39,4,0,43
9999938_00000_d_0000394.jpg,1,0,0,18,0,0,18
9999938_00000_d_0000395.jpg,1,1,0,35,2,0,37
9999938_00000_d_0000396.jpg,1,1,0,35,3,0,38
9999938_00000_d_0000397.jpg,1,1,0,35,3,0,38
9999938_00000_d_0000398.jpg,1,1,0,24,4,0,28
9999938_00000_d_0000399.jpg,1,1,0,26,1,0,27
9999938_00000_d_0000400.jpg,1,1,0,62,1,0,63
9999938_00000_d_0000401.jpg,1,1,0,32,5,0,37
9999938_00000_d_0000402.jpg,1,1,0,41,6,0,47
9999938_00000_d_0000403.jpg,1,1,0,26,1,0,27
9999938_00000_d_0000404.jpg,1,1,0,40,3,0,43
9999938_00000_d_0000405.jpg,1,1,0,17,6,0,23
9999938_00000_d_0000406.jpg,1,1,1,10,4,1,15
9999938_00000_d_0000407.jpg,1,1,1,25,2,1,28
9999938_00000_d_0000408.jpg,1,1,1,17,7,4,28
9999938_00000_d_0000409.jpg,1,1,0,18,6,0,24
9999938_00000_d_0000410.jpg,1,1,1,12,10,2,24
9999938_00000_d_0000411.jpg,1,1,1,21,4,2,27
9999938_00000_d_0000412.jpg,1,1,1,12,6,5,23
9999938_00000_d_0000413.jpg,1,1,0,21,2,0,23
9999938_00000_d_0000414.jpg,1,1,1,17,15,4,36
9999938_00000_d_0000415.jpg,1,1,0,24,11,0,35
9999938_00000_d_0000416.jpg,1,0,0,28,0,0,28
9999938_00000_d_0000417.jpg,1,1,0,15,4,0,19
9999938_00000_d_0000418.jpg,1,1,0,19,7,0,26
9999938_00000_d_0000419.jpg,1,1,0,17,7,0,24
9999938_00000_d_0000420.jpg,1,1,0,17,5,0,22
9999938_00000_d_0000421.jpg,1,1,0,10,4,0,14
9999938_00000_d_0000422.jpg,1,1,0,26,4,0,30
9999938_00000_d_0000423.jpg,1,1,0,39,1,0,40
9999938_00000_d_0000424.jpg,1,1,0,22,3,0,25
9999938_00000_d_0000425.jpg,1,1,0,30,4,0,34
9999938_00000_d_0000426.jpg,1,1,0,32,3,0,35
9999938_00000_d_0000427.jpg,1,1,0,23,4,0,27
9999938_00000_d_0000428.jpg,1,1,0,33,7,0,40
9999938_00000_d_0000429.jpg,1,1,0,29,1,0,30
9999938_00000_d_0000430.jpg,1,1,0,42,3,0,45
9999938_00000_d_0000431.jpg,1,1,0,28,4,0,32
9999938_00000_d_0000432.jpg,1,1,1,8,15,1,24
9999938_00000_d_0000433.jpg,1,1,0,7,6,0,13
9999938_00000_d_0000434.jpg,1,1,0,11,5,0,16
9999938_00000_d_0000435.jpg,1,1,0,14,5,0,19
9999938_00000_d_0000436.jpg,1,1,0,18,4,0,22
9999938_00000_d_0000437.jpg,1,1,0,49,2,0,51
9999938_00000_d_0000438.jpg,0,1,1,0,6,1,7
9999938_00000_d_0000439.jpg,1,1,1,1,10,1,12
9999938_00000_d_0000440.jpg,0,1,0,0,7,0,7
9999938_00000_d_0000441.jpg,1,1,0,6,4,0,10
9999938_00000_d_0000442.jpg,0,1,1,0,7,1,8
9999938_00000_d_0000443.jpg,1,1,0,7,8,0,15
9999938_00000_d_0000444.jpg,1,1,0,18,9,0,27
9999938_00000_d_0000445.jpg,1,1,0,10,7,0,17
9999938_00000_d_0000446.jpg,1,1,1,9,6,1,16
9999938_00000_d_0000447.jpg,1,1,0,22,14,0,36
9999938_00000_d_0000448.jpg,0,1,1,0,10,1,11
9999938_00000_d_0000449.jpg,1,1,0,2,5,0,7
9999938_00000_d_0000450.jpg,0,1,0,0,7,0,7
9999938_00000_d_0000451.jpg,1,1,0,1,11,0,12
9999938_00000_d_0000452.jpg,1,1,0,2,14,0,16
9999938_00000_d_0000453.jpg,1,1,1,10,7,1,18
9999938_00000_d_0000454.jpg,1,1,0,7,6,0,13
9999938_00000_d_0000455.jpg,1,1,0,11,1,0,12
9999938_00000_d_0000456.jpg,1,1,0,11,3,0,14
9999938_00000_d_0000457.jpg,1,1,0,68,2,0,70
9999938_00000_d_0000458.jpg,0,1,1,0,12,1,13
9999938_00000_d_0000459.jpg,1,1,1,4,11,1,16
9999938_00000_d_0000460.jpg,1,1,1,4,12,1,17
9999938_00000_d_0000461.jpg,0,1,0,0,18,0,18
9999938_00000_d_0000462.jpg,0,1,1,0,17,1,18
9999938_00000_d_0000463.jpg,1,1,0,7,7,0,14
9999938_00000_d_0000464.jpg,1,1,0,26,7,0,33
9999938_00000_d_0000465.jpg,1,1,0,1,17,0,18
9999938_00000_d_0000466.jpg,0,1,1,0,12,2,14
9999938_00000_d_0000467.jpg,0,1,1,0,12,1,13
9999938_00000_d_0000468.jpg,0,1,1,0,19,2,21
9999938_00000_d_0000469.jpg,0,1,0,0,14,0,14
9999938_00000_d_0000470.jpg,1,1,0,8,10,0,18
9999938_00000_d_0000471.jpg,1,1,0,11,14,0,25
9999938_00000_d_0000472.jpg,1,1,0,18,12,0,30
9999938_00000_d_0000473.jpg,1,1,0,2,15,0,17
9999938_00000_d_0000474.jpg,1,1,0,4,10,0,14
9999938_00000_d_0000475.jpg,1,1,0,12,17,0,29
9999938_00000_d_0000476.jpg,1,1,1,10,6,1,17
9999938_00000_d_0000477.jpg,0,1,1,0,11,1,12
9999938_00000_d_0000478.jpg,1,1,1,6,5,1,12
9999938_00000_d_0000479.jpg,1,1,1,10,8,1,19
9999938_00000_d_0000480.jpg,1,1,1,22,7,1,30
9999938_00000_d_0000481.jpg,0,1,1,0,18,1,19
9999938_00000_d_0000482.jpg,1,1,1,11,9,1,21
9999938_00000_d_0000483.jpg,1,1,1,7,10,1,18
9999938_00000_d_0000484.jpg,1,1,1,9,8,1,18
9999938_00000_d_0000485.jpg,1,1,1,8,7,2,17
9999938_00000_d_0000486.jpg,1,1,1,9,3,2,14
9999938_00000_d_0000487.jpg,0,1,1,0,17,1,18
9999938_00000_d_0000488.jpg,1,1,1,5,9,1,15
9999938_00000_d_0000489.jpg,1,1,0,10,4,0,14
9999938_00000_d_0000490.jpg,1,1,0,25,3,0,28
9999938_00000_d_0000491.jpg,1,1,0,12,12,0,24
9999938_00000_d_0000492.jpg,1,1,1,25,10,1,36
9999938_00000_d_0000493.jpg,1,1,1,30,17,1,48
9999938_00000_d_0000494.jpg,1,1,1,87,8,4,99
9999938_00000_d_0000495.jpg,1,1,1,2,12,4,18
9999938_00000_d_0000496.jpg,1,1,1,22,16,5,43
9999938_00000_d_0000497.jpg,1,1,1,10,28,5,43
9999938_00000_d_0000498.jpg,1,1,1,2,31,5,38
9999938_00000_d_0000499.jpg,0,1,1,0,26,5,31
9999938_00000_d_0000500.jpg,1,1,1,1,14,3,18
9999938_00000_d_0000501.jpg,1,1,0,3,8,0,11
9999938_00000_d_0000502.jpg,1,1,0,7,6,0,13
9999938_00000_d_0000503.jpg,1,1,0,7,5,0,12
9999938_00000_d_0000504.jpg,1,1,1,2,11,1,14
9999938_00000_d_0000505.jpg,1,1,0,3,7,0,10
9999938_00000_d_0000506.jpg,1,1,0,4,10,0,14
9999938_00000_d_0000507.jpg,1,1,0,4,10,0,14
9999938_00000_d_0000508.jpg,1,1,0,8,6,0,14
9999938_00000_d_0000509.jpg,0,1,1,0,9,4,13
9999938_00000_d_0000510.jpg,0,1,1,0,13,2,15
9999938_00000_d_0000511.jpg,0,1,0,0,7,0,7
9999938_00000_d_0000512.jpg,0,1,1,0,2,11,13
9999938_00000_d_0000513.jpg,0,1,1,0,3,6,9
9999938_00000_d_0000514.jpg,0,1,1,0,8,2,10
9999938_00000_d_0000515.jpg,0,1,1,0,1,6,7
9999938_00000_d_0000516.jpg,0,0,1,0,0,5,5
9999941_00000_d_0000001.jpg,1,1,0,33,22,0,55
9999941_00000_d_0000002.jpg,1,1,1,25,19,1,45
9999941_00000_d_0000003.jpg,1,1,0,48,11,0,59
9999941_00000_d_0000004.jpg,1,1,0,11,22,0,33
9999941_00000_d_0000005.jpg,1,1,0,44,1,0,45
9999941_00000_d_0000006.jpg,1,1,0,12,2,0,14
9999941_00000_d_0000007.jpg,1,1,0,47,5,0,52
9999941_00000_d_0000008.jpg,1,1,0,61,1,0,62
9999941_00000_d_0000009.jpg,1,1,1,22,2,1,25
9999941_00000_d_0000010.jpg,1,1,1,21,6,1,28
9999941_00000_d_0000011.jpg,1,1,1,34,6,3,43
9999941_00000_d_0000012.jpg,1,1,0,24,4,0,28
9999941_00000_d_0000013.jpg,1,1,0,14,7,0,21
9999941_00000_d_0000014.jpg,1,1,1,42,7,2,51
9999941_00000_d_0000015.jpg,1,1,1,39,5,3,47
9999941_00000_d_0000016.jpg,1,0,0,30,0,0,30
9999941_00000_d_0000017.jpg,1,0,1,8,0,1,9
9999941_00000_d_0000018.jpg,1,1,1,15,2,2,19
9999941_00000_d_0000019.jpg,1,1,1,23,12,2,37
9999941_00000_d_0000020.jpg,1,1,1,42,4,1,47
9999941_00000_d_0000021.jpg,1,1,0,48,2,0,50
9999941_00000_d_0000022.jpg,1,0,0,36,0,0,36
9999941_00000_d_0000023.jpg,1,1,1,79,4,1,84
9999941_00000_d_0000024.jpg,1,1,1,20,9,1,30
9999941_00000_d_0000025.jpg,1,1,0,28,8,0,36
9999941_00000_d_0000026.jpg,1,1,0,36,1,0,37
9999941_00000_d_0000027.jpg,1,1,0,66,10,0,76
9999941_00000_d_0000028.jpg,1,1,0,19,4,0,23
9999941_00000_d_0000029.jpg,1,1,0,41,2,0,43
9999941_00000_d_0000030.jpg,1,1,1,28,3,3,34
9999941_00000_d_0000031.jpg,1,1,1,37,1,2,40
9999941_00000_d_0000032.jpg,1,1,1,3,19,5,27
9999941_00000_d_0000033.jpg,1,1,1,8,16,3,27
9999941_00000_d_0000034.jpg,1,1,1,3,20,9,32
9999941_00000_d_0000035.jpg,1,1,1,3,11,15,29
9999944_00000_d_0000001.jpg,1,1,1,2,9,9,20
9999944_00000_d_0000002.jpg,1,1,0,32,1,0,33
9999944_00000_d_0000003.jpg,1,0,1,23,0,3,26
9999944_00000_d_0000004.jpg,1,1,1,14,5,1,20
9999947_00000_d_0000001.jpg,1,1,0,39,1,0,40
9999947_00000_d_0000002.jpg,1,0,0,33,0,0,33
9999947_00000_d_0000003.jpg,1,1,1,108,28,4,140
9999947_00000_d_0000004.jpg,1,1,1,6,40,7,53
9999947_00000_d_0000005.jpg,1,1,1,100,32,4,136
9999947_00000_d_0000006.jpg,1,1,1,69,10,7,86
9999947_00000_d_0000007.jpg,1,1,1,125,20,3,148
9999947_00000_d_0000008.jpg,1,1,1,96,32,16,144
9999947_00000_d_0000009.jpg,1,1,1,38,12,5,55
9999947_00000_d_0000010.jpg,1,1,1,131,9,6,146
9999947_00000_d_0000011.jpg,1,1,0,90,15,0,105
9999947_00000_d_0000012.jpg,1,1,1,88,11,1,100
9999947_00000_d_0000013.jpg,1,1,1,89,32,1,122
9999947_00000_d_0000014.jpg,1,1,1,175,19,3,197
9999947_00000_d_0000015.jpg,1,1,1,50,3,15,68
9999947_00000_d_0000016.jpg,1,1,1,131,29,10,170
9999947_00000_d_0000017.jpg,1,1,1,45,8,5,58
9999947_00000_d_0000018.jpg,1,1,1,92,6,4,102
9999947_00000_d_0000019.jpg,1,1,1,118,34,4,156
9999947_00000_d_0000020.jpg,1,1,1,152,44,5,201
9999947_00000_d_0000021.jpg,1,1,1,195,32,2,229
9999947_00000_d_0000022.jpg,1,1,1,43,1,15,59
9999947_00000_d_0000023.jpg,1,1,1,86,16,11,113
9999947_00000_d_0000024.jpg,1,1,1,148,13,3,164
9999947_00000_d_0000025.jpg,1,1,1,144,15,5,164
9999947_00000_d_0000026.jpg,1,1,1,74,5,2,81
9999947_00000_d_0000027.jpg,1,0,0,41,0,0,41
9999952_00000_d_0000001.jpg,1,1,1,48,14,4,66
9999952_00000_d_0000002.jpg,1,1,1,78,11,5,94
9999952_00000_d_0000003.jpg,1,1,1,32,10,5,47
9999952_00000_d_0000004.jpg,1,1,1,45,6,1,52
9999952_00000_d_0000005.jpg,1,1,1,7,4,4,15
9999952_00000_d_0000006.jpg,0,1,1,0,3,4,7
9999952_00000_d_0000007.jpg,1,1,1,15,8,3,26
9999952_00000_d_0000008.jpg,1,1,1,30,22,2,54
9999952_00000_d_0000009.jpg,1,1,1,32,16,6,54
9999952_00000_d_0000010.jpg,1,0,1,9,0,11,20
9999952_00000_d_0000011.jpg,1,1,1,11,2,3,16
9999952_00000_d_0000012.jpg,1,1,1,24,7,2,33
9999952_00000_d_0000013.jpg,1,1,0,45,3,0,48
9999952_00000_d_0000014.jpg,1,1,1,31,27,3,61
9999952_00000_d_0000015.jpg,1,1,1,10,7,4,21
9999952_00000_d_0000016.jpg,1,1,0,10,4,0,14
9999952_00000_d_0000017.jpg,1,1,1,6,2,1,9
9999952_00000_d_0000018.jpg,1,1,1,22,7,1,30
9999952_00000_d_0000019.jpg,1,1,1,34,1,1,36
9999952_00000_d_0000020.jpg,1,1,1,25,4,1,30
9999952_00000_d_0000021.jpg,1,1,0,22,9,0,31
9999952_00000_d_0000022.jpg,1,1,1,4,7,2,13
9999952_00000_d_0000023.jpg,1,1,0,20,3,0,23
9999952_00000_d_0000024.jpg,1,1,1,21,5,1,27
9999952_00000_d_0000025.jpg,1,1,0,33,1,0,34
9999952_00000_d_0000026.jpg,1,1,0,14,1,0,15
9999952_00000_d_0000027.jpg,1,0,1,5,0,1,6
9999952_00000_d_0000028.jpg,1,0,1,5,0,3,8
9999952_00000_d_0000029.jpg,1,1,1,20,2,2,24
9999952_00000_d_0000030.jpg,1,1,0,15,4,0,19
9999952_00000_d_0000031.jpg,1,1,0,19,4,0,23
9999952_00000_d_0000032.jpg,1,1,1,10,4,1,15
9999952_00000_d_0000033.jpg,1,1,0,16,4,0,20
9999952_00000_d_0000034.jpg,1,1,0,31,2,0,33
9999952_00000_d_0000035.jpg,1,1,0,37,4,0,41
9999952_00000_d_0000036.jpg,1,1,0,23,2,0,25
9999952_00000_d_0000037.jpg,1,1,1,5,1,1,7
9999952_00000_d_0000038.jpg,1,1,0,31,4,0,35
9999952_00000_d_0000039.jpg,1,1,1,38,4,1,43
9999952_00000_d_0000040.jpg,1,1,1,26,7,1,34
9999952_00000_d_0000041.jpg,1,1,0,30,7,0,37
9999952_00000_d_0000042.jpg,1,1,0,39,4,0,43
9999952_00000_d_0000043.jpg,1,1,1,83,4,1,88
9999952_00000_d_0000044.jpg,1,1,1,79,12,2,93
9999952_00000_d_0000045.jpg,1,1,1,33,33,2,68
9999952_00000_d_0000046.jpg,1,1,1,29,26,2,57
9999952_00000_d_0000047.jpg,1,1,1,2,53,3,58
9999952_00000_d_0000048.jpg,1,1,1,12,46,3,61
9999952_00000_d_0000049.jpg,1,1,1,4,9,8,21
9999952_00000_d_0000050.jpg,1,1,1,2,13,2,17
9999952_00000_d_0000051.jpg,1,1,1,9,21,4,34
9999952_00000_d_0000052.jpg,1,1,1,5,25,5,35
9999952_00000_d_0000053.jpg,1,1,1,3,3,1,7
9999952_00000_d_0000054.jpg,1,1,1,2,1,3,6
9999952_00000_d_0000055.jpg,1,0,1,17,0,1,18
9999952_00000_d_0000056.jpg,1,1,0,23,3,0,26
9999952_00000_d_0000057.jpg,1,1,0,4,4,0,8
9999952_00000_d_0000058.jpg,1,1,0,43,2,0,45
9999952_00000_d_0000059.jpg,1,1,1,37,3,1,41
9999952_00000_d_0000060.jpg,1,1,0,14,3,0,17
9999952_00000_d_0000061.jpg,1,1,1,18,7,2,27
9999952_00000_d_0000062.jpg,1,1,0,37,2,0,39
9999952_00000_d_0000063.jpg,1,1,1,34,5,1,40
9999952_00000_d_0000064.jpg,1,1,1,15,4,3,22
9999952_00000_d_0000065.jpg,1,1,1,4,4,4,12
9999952_00000_d_0000066.jpg,1,1,0,29,5,0,34
9999952_00000_d_0000067.jpg,1,1,1,4,4,2,10
9999952_00000_d_0000068.jpg,1,1,0,15,3,0,18
9999952_00000_d_0000069.jpg,1,1,0,27,3,0,30
9999952_00000_d_0000070.jpg,1,1,0,11,4,0,15
9999952_00000_d_0000071.jpg,1,1,1,52,18,1,71
9999952_00000_d_0000072.jpg,1,1,1,35,36,4,75
9999952_00000_d_0000073.jpg,1,1,1,3,29,5,37
9999952_00000_d_0000074.jpg,1,1,1,25,31,2,58
9999952_00000_d_0000075.jpg,1,1,1,25,39,1,65
9999952_00000_d_0000076.jpg,1,1,0,1,9,0,10
9999952_00000_d_0000077.jpg,1,1,0,3,5,0,8
9999952_00000_d_0000078.jpg,1,1,0,13,2,0,15
9999952_00000_d_0000079.jpg,1,1,0,13,4,0,17
9999952_00000_d_0000080.jpg,1,1,0,30,3,0,33
9999952_00000_d_0000081.jpg,1,1,0,35,3,0,38
9999952_00000_d_0000082.jpg,1,1,0,25,3,0,28
9999952_00000_d_0000083.jpg,1,1,0,22,9,0,31
9999952_00000_d_0000084.jpg,1,1,1,10,11,8,29
9999952_00000_d_0000085.jpg,1,1,1,13,1,1,15
9999952_00000_d_0000086.jpg,1,1,1,9,11,2,22
9999952_00000_d_0000087.jpg,1,1,0,2,8,0,10
9999952_00000_d_0000088.jpg,1,1,1,26,11,2,39
9999952_00000_d_0000089.jpg,1,1,0,26,8,0,34
9999952_00000_d_0000090.jpg,1,1,0,9,4,0,13
9999952_00000_d_0000091.jpg,1,1,0,24,5,0,29
9999952_00000_d_0000092.jpg,1,1,0,34,10,0,44
9999952_00000_d_0000093.jpg,1,1,1,36,1,1,38
9999952_00000_d_0000094.jpg,1,1,1,27,11,2,40
9999952_00000_d_0000095.jpg,1,1,1,8,2,3,13
9999952_00000_d_0000096.jpg,1,1,1,33,4,1,38
9999952_00000_d_0000097.jpg,1,1,0,30,1,0,31
9999952_00000_d_0000098.jpg,1,1,1,26,2,1,29
9999952_00000_d_0000099.jpg,1,1,0,16,5,0,21
9999952_00000_d_0000100.jpg,1,1,0,8,4,0,12
9999952_00000_d_0000101.jpg,1,1,1,81,26,1,108
9999952_00000_d_0000102.jpg,1,1,1,55,13,3,71
9999952_00000_d_0000103.jpg,1,1,1,46,12,2,60
9999952_00000_d_0000104.jpg,1,1,1,8,6,2,16
9999952_00000_d_0000105.jpg,1,1,1,23,5,1,29
9999952_00000_d_0000106.jpg,0,1,1,0,2,2,4
9999952_00000_d_0000107.jpg,1,1,1,5,2,1,8
9999952_00000_d_0000108.jpg,1,1,0,7,2,0,9
9999952_00000_d_0000109.jpg,1,1,1,7,3,1,11
9999952_00000_d_0000110.jpg,1,1,0,2,8,0,10
9999952_00000_d_0000111.jpg,1,1,1,21,12,1,34
9999952_00000_d_0000112.jpg,1,1,1,55,33,1,89
9999952_00000_d_0000113.jpg,1,1,1,13,23,5,41
9999952_00000_d_0000114.jpg,1,1,1,3,2,2,7
9999952_00000_d_0000115.jpg,1,1,0,22,6,0,28
9999952_00000_d_0000116.jpg,1,1,1,12,2,3,17
9999952_00000_d_0000117.jpg,1,1,0,14,1,0,15
9999952_00000_d_0000118.jpg,1,0,0,53,0,0,53
9999952_00000_d_0000119.jpg,1,1,0,95,3,0,98
9999952_00000_d_0000120.jpg,1,1,0,6,5,0,11
9999952_00000_d_0000121.jpg,1,1,1,12,5,1,18
9999952_00000_d_0000122.jpg,1,1,0,15,8,0,23
9999952_00000_d_0000123.jpg,0,1,1,0,2,4,6
9999952_00000_d_0000124.jpg,1,1,0,16,3,0,19
9999952_00000_d_0000125.jpg,1,1,1,3,4,1,8
9999952_00000_d_0000126.jpg,1,1,0,1,4,0,5
9999952_00000_d_0000127.jpg,1,1,1,4,4,5,13
9999952_00000_d_0000128.jpg,1,1,0,98,3,0,101
9999952_00000_d_0000129.jpg,1,1,1,2,2,4,8
9999952_00000_d_0000130.jpg,1,1,1,53,9,2,64
9999952_00000_d_0000131.jpg,1,1,0,121,3,0,124
9999952_00000_d_0000132.jpg,1,1,0,61,23,0,84
9999952_00000_d_0000133.jpg,1,1,1,70,35,2,107
9999952_00000_d_0000134.jpg,1,1,1,42,15,2,59
9999952_00000_d_0000135.jpg,1,1,0,37,12,0,49
9999952_00000_d_0000136.jpg,1,1,1,42,14,2,58
9999952_00000_d_0000137.jpg,1,1,0,18,1,0,19
9999952_00000_d_0000138.jpg,1,1,0,77,15,0,92
9999952_00000_d_0000139.jpg,1,1,1,107,15,1,123
9999952_00000_d_0000140.jpg,1,1,1,17,13,4,34
9999952_00000_d_0000141.jpg,1,1,1,36,29,17,82
9999952_00000_d_0000142.jpg,1,1,1,5,7,9,21
9999952_00000_d_0000143.jpg,1,1,1,10,38,10,58
9999952_00000_d_0000144.jpg,1,1,1,4,31,12,47
9999952_00000_d_0000145.jpg,1,1,1,7,65,15,87
9999952_00000_d_0000146.jpg,0,1,1,0,13,9,22
9999952_00000_d_0000147.jpg,0,1,1,0,17,10,27
9999952_00000_d_0000148.jpg,1,1,1,3,36,16,55
9999952_00000_d_0000149.jpg,1,1,1,4,50,18,72
9999952_00000_d_0000150.jpg,1,1,1,21,30,17,68
9999952_00000_d_0000151.jpg,1,1,1,1,17,36,54
9999952_00000_d_0000152.jpg,0,1,1,0,41,25,66
9999952_00000_d_0000153.jpg,0,1,1,0,34,38,72
9999952_00000_d_0000154.jpg,1,1,1,9,23,14,46
9999952_00000_d_0000155.jpg,0,1,1,0,2,15,17
9999952_00000_d_0000156.jpg,1,1,1,5,12,22,39
9999952_00000_d_0000157.jpg,0,1,1,0,13,43,56
9999952_00000_d_0000158.jpg,1,1,1,2,2,41,45
9999952_00000_d_0000159.jpg,1,1,1,1,6,25,32
9999952_00000_d_0000160.jpg,1,1,1,13,40,23,76
9999952_00000_d_0000161.jpg,1,1,1,4,11,26,41
9999952_00000_d_0000162.jpg,1,1,1,2,14,17,33
9999952_00000_d_0000163.jpg,1,1,1,28,23,12,63
9999952_00000_d_0000164.jpg,0,1,1,0,3,28,31
9999952_00000_d_0000165.jpg,1,1,1,17,7,15,39
9999952_00000_d_0000166.jpg,0,1,1,0,3,13,16
9999952_00000_d_0000167.jpg,1,1,1,5,3,4,12
9999952_00000_d_0000168.jpg,1,1,0,26,5,0,31
9999952_00000_d_0000169.jpg,1,1,1,33,10,2,45
9999952_00000_d_0000170.jpg,1,1,1,13,22,11,46
9999952_00000_d_0000171.jpg,0,1,1,0,1,11,12
9999952_00000_d_0000172.jpg,1,1,1,13,17,12,42
9999952_00000_d_0000173.jpg,1,1,1,6,5,7,18
9999952_00000_d_0000174.jpg,1,1,1,12,7,5,24
9999952_00000_d_0000175.jpg,1,1,1,4,4,2,10
9999952_00000_d_0000176.jpg,1,1,0,9,1,0,10
9999952_00000_d_0000177.jpg,1,1,1,6,3,2,11
9999952_00000_d_0000178.jpg,1,1,1,5,6,1,12
9999952_00000_d_0000179.jpg,0,1,1,0,8,1,9
9999952_00000_d_0000180.jpg,1,1,1,1,7,1,9
9999952_00000_d_0000181.jpg,1,1,1,4,3,1,8
9999952_00000_d_0000182.jpg,0,1,1,0,5,1,6
9999952_00000_d_0000183.jpg,0,1,0,0,5,0,5
9999952_00000_d_0000184.jpg,0,1,1,0,2,1,3
9999952_00000_d_0000185.jpg,0,1,1,0,5,1,6
9999952_00000_d_0000186.jpg,1,1,0,5,3,0,8
9999952_00000_d_0000187.jpg,1,1,0,9,6,0,15
9999952_00000_d_0000188.jpg,1,1,0,2,5,0,7
9999952_00000_d_0000189.jpg,0,1,1,0,6,2,8
9999952_00000_d_0000190.jpg,1,1,1,4,6,1,11
9999952_00000_d_0000191.jpg,1,1,0,23,8,0,31
9999952_00000_d_0000192.jpg,1,1,1,6,5,1,12
9999952_00000_d_0000193.jpg,1,1,1,44,6,1,51
9999952_00000_d_0000194.jpg,1,1,1,5,3,1,9
9999952_00000_d_0000195.jpg,1,1,1,29,4,1,34
9999952_00000_d_0000196.jpg,1,1,1,28,18,1,47
9999952_00000_d_0000197.jpg,1,1,1,18,19,2,39
9999952_00000_d_0000198.jpg,1,1,1,35,11,1,47
9999952_00000_d_0000199.jpg,1,1,0,80,33,0,113
9999952_00000_d_0000200.jpg,0,1,1,0,5,5,10
9999952_00000_d_0000201.jpg,1,1,1,29,5,3,37
9999952_00000_d_0000202.jpg,1,1,1,5,24,7,36
9999952_00000_d_0000203.jpg,1,1,1,14,29,4,47
9999952_00000_d_0000204.jpg,1,1,0,21,6,0,27
9999952_00000_d_0000205.jpg,1,1,1,29,33,7,69
9999952_00000_d_0000206.jpg,1,1,1,1,13,7,21
9999952_00000_d_0000207.jpg,1,1,1,8,5,1,14
9999952_00000_d_0000208.jpg,1,1,1,7,6,1,14
9999952_00000_d_0000209.jpg,0,1,1,0,9,2,11
9999952_00000_d_0000210.jpg,1,1,1,4,24,16,44
9999952_00000_d_0000211.jpg,0,1,1,0,8,10,18
9999952_00000_d_0000212.jpg,1,1,1,28,12,16,56
9999952_00000_d_0000213.jpg,1,1,1,2,10,3,15
9999952_00000_d_0000214.jpg,1,1,1,64,3,1,68
9999952_00000_d_0000215.jpg,1,1,1,14,49,5,68
9999952_00000_d_0000216.jpg,1,1,1,2,4,11,17
9999952_00000_d_0000217.jpg,1,1,1,85,8,2,95
9999952_00000_d_0000218.jpg,1,1,1,2,13,12,27
9999952_00000_d_0000219.jpg,1,1,1,12,10,6,28
9999952_00000_d_0000220.jpg,1,1,1,11,13,15,39
9999952_00000_d_0000221.jpg,1,1,1,76,16,2,94
9999952_00000_d_0000222.jpg,0,1,1,0,5,3,8
9999952_00000_d_0000223.jpg,1,1,0,72,12,0,84
9999952_00000_d_0000224.jpg,0,1,1,0,4,5,9
9999952_00000_d_0000225.jpg,0,1,1,0,4,9,13
9999952_00000_d_0000226.jpg,1,1,1,2,7,10,19
9999952_00000_d_0000227.jpg,1,1,1,47,10,2,59
9999952_00000_d_0000228.jpg,1,1,1,3,1,8,12
9999952_00000_d_0000229.jpg,1,1,1,5,17,22,44
9999952_00000_d_0000230.jpg,1,1,0,43,10,0,53
9999952_00000_d_0000231.jpg,1,1,0,22,3,0,25
9999952_00000_d_0000232.jpg,1,1,1,61,4,1,66
9999952_00000_d_0000233.jpg,1,1,1,17,43,14,74
9999952_00000_d_0000234.jpg,1,1,1,26,8,6,40
9999952_00000_d_0000235.jpg,1,1,1,5,2,4,11
9999952_00000_d_0000236.jpg,1,1,1,70,7,1,78
9999952_00000_d_0000237.jpg,1,1,0,10,2,0,12
9999952_00000_d_0000238.jpg,1,1,1,77,8,2,87
9999952_00000_d_0000239.jpg,1,1,0,8,6,0,14
9999952_00000_d_0000240.jpg,1,1,1,3,5,1,9
9999952_00000_d_0000241.jpg,1,1,1,78,7,2,87
9999952_00000_d_0000242.jpg,1,1,0,11,4,0,15
9999952_00000_d_0000243.jpg,0,1,1,0,4,3,7
9999952_00000_d_0000244.jpg,1,1,1,2,4,1,7
9999952_00000_d_0000245.jpg,1,1,0,69,4,0,73
9999952_00000_d_0000246.jpg,1,1,1,3,2,1,6
9999952_00000_d_0000247.jpg,0,1,1,0,8,1,9
9999952_00000_d_0000248.jpg,0,1,1,0,1,5,6
9999952_00000_d_0000249.jpg,0,1,1,0,1,2,3
9999952_00000_d_0000250.jpg,0,1,1,0,1,3,4
9999952_00000_d_0000251.jpg,1,1,1,73,10,2,85
9999952_00000_d_0000252.jpg,1,1,0,2,4,0,6
9999952_00000_d_0000253.jpg,1,1,0,3,7,0,10
9999952_00000_d_0000254.jpg,0,1,1,0,1,5,6
9999952_00000_d_0000255.jpg,0,1,1,0,3,2,5
9999952_00000_d_0000256.jpg,1,1,1,68,5,1,74
9999952_00000_d_0000257.jpg,0,1,1,0,1,1,2
9999952_00000_d_0000258.jpg,1,1,1,38,7,1,46
9999952_00000_d_0000259.jpg,0,0,1,0,0,2,2
9999952_00000_d_0000260.jpg,1,1,0,2,4,0,6
9999952_00000_d_0000261.jpg,1,1,1,2,2,1,5
9999952_00000_d_0000262.jpg,1,1,0,47,7,0,54
9999952_00000_d_0000263.jpg,1,1,1,2,3,2,7
9999952_00000_d_0000264.jpg,1,0,1,52,0,5,57
9999952_00000_d_0000265.jpg,1,1,0,40,5,0,45
9999952_00000_d_0000266.jpg,0,1,1,0,3,1,4
9999952_00000_d_0000267.jpg,1,1,0,36,4,0,40
9999952_00000_d_0000268.jpg,1,1,0,4,2,0,6
9999952_00000_d_0000269.jpg,1,1,0,38,7,0,45
9999952_00000_d_0000270.jpg,1,1,1,71,11,1,83
9999952_00000_d_0000271.jpg,1,1,0,41,6,0,47
9999952_00000_d_0000272.jpg,1,0,1,12,0,5,17
9999952_00000_d_0000273.jpg,1,1,1,39,25,3,67
9999952_00000_d_0000274.jpg,1,1,0,46,1,0,47
9999952_00000_d_0000275.jpg,1,1,0,20,4,0,24
9999952_00000_d_0000276.jpg,1,1,1,33,11,4,48
9999952_00000_d_0000277.jpg,1,1,0,23,19,0,42
9999952_00000_d_0000278.jpg,0,1,1,0,2,1,3
9999952_00000_d_0000279.jpg,1,1,1,19,4,4,27
9999952_00000_d_0000280.jpg,1,0,1,3,0,9,12
9999952_00000_d_0000281.jpg,1,1,1,20,3,1,24
9999952_00000_d_0000282.jpg,1,0,1,39,0,1,40
9999952_00000_d_0000283.jpg,1,1,1,19,9,1,29
9999952_00000_d_0000284.jpg,1,1,1,16,5,4,25
9999952_00000_d_0000285.jpg,1,1,0,24,5,0,29
9999952_00000_d_0000286.jpg,1,1,1,10,4,2,16
9999952_00000_d_0000287.jpg,1,1,1,10,4,2,16
9999952_00000_d_0000288.jpg,1,1,1,46,7,1,54
9999952_00000_d_0000289.jpg,1,1,1,46,7,1,54
9999952_00000_d_0000290.jpg,1,1,1,8,5,3,16
9999952_00000_d_0000291.jpg,1,1,1,19,12,6,37
9999952_00000_d_0000292.jpg,1,1,1,61,12,2,75
9999952_00000_d_0000293.jpg,1,1,0,52,8,0,60
9999952_00000_d_0000294.jpg,1,1,0,48,5,0,53
9999952_00000_d_0000295.jpg,1,1,0,31,11,0,42
9999952_00000_d_0000296.jpg,1,1,1,47,5,2,54
9999952_00000_d_0000297.jpg,1,1,0,62,14,0,76
9999952_00000_d_0000298.jpg,1,1,1,34,5,2,41
9999952_00000_d_0000299.jpg,1,1,0,38,10,0,48
9999952_00000_d_0000300.jpg,1,1,1,29,6,5,40
9999952_00000_d_0000301.jpg,1,1,1,43,9,2,54
9999952_00000_d_0000302.jpg,1,1,0,49,4,0,53
9999952_00000_d_0000303.jpg,1,1,1,63,9,1,73
9999952_00000_d_0000304.jpg,1,1,1,38,25,4,67
9999952_00000_d_0000305.jpg,0,1,1,0,6,6,12
9999952_00000_d_0000306.jpg,0,1,1,0,3,5,8
9999952_00000_d_0000307.jpg,1,1,1,6,8,3,17
9999952_00000_d_0000308.jpg,1,1,1,9,9,5,23
9999952_00000_d_0000309.jpg,0,1,1,0,3,14,17
9999952_00000_d_0000310.jpg,1,1,1,2,3,6,11
9999952_00000_d_0000311.jpg,1,1,1,5,8,6,19
9999952_00000_d_0000312.jpg,1,1,1,4,3,8,15
9999952_00000_d_0000313.jpg,1,1,1,22,16,7,45
9999952_00000_d_0000314.jpg,1,1,1,13,6,13,32
9999952_00000_d_0000315.jpg,1,1,1,6,2,9,17
9999952_00000_d_0000316.jpg,1,1,1,17,4,1,22
9999952_00000_d_0000317.jpg,1,1,1,16,2,1,19
9999952_00000_d_0000318.jpg,1,1,1,9,7,1,17
9999952_00000_d_0000319.jpg,1,1,1,1,5,2,8
9999952_00000_d_0000320.jpg,1,1,1,41,1,11,53
9999952_00000_d_0000321.jpg,1,1,1,28,6,1,35
9999952_00000_d_0000322.jpg,1,1,1,58,8,13,79
9999952_00000_d_0000323.jpg,1,0,1,6,0,3,9
9999952_00000_d_0000324.jpg,1,1,1,45,11,4,60
9999952_00000_d_0000325.jpg,1,1,1,6,6,1,13
9999952_00000_d_0000326.jpg,1,1,1,32,3,4,39
9999952_00000_d_0000327.jpg,1,1,1,10,7,11,28
9999952_00000_d_0000328.jpg,1,1,1,15,11,6,32
9999952_00000_d_0000329.jpg,1,1,1,13,5,1,19
9999952_00000_d_0000330.jpg,1,1,1,14,6,3,23
9999952_00000_d_0000331.jpg,0,1,1,0,5,6,11
9999952_00000_d_0000332.jpg,1,1,1,47,8,5,60
9999952_00000_d_0000333.jpg,1,1,1,39,7,4,50
9999952_00000_d_0000334.jpg,1,1,1,9,8,4,21
9999952_00000_d_0000335.jpg,1,1,1,12,3,1,16
9999952_00000_d_0000336.jpg,1,1,1,5,4,4,13
9999952_00000_d_0000337.jpg,1,1,0,4,9,0,13
9999952_00000_d_0000338.jpg,0,1,1,0,1,2,3
9999952_00000_d_0000339.jpg,1,1,0,10,10,0,20
9999952_00000_d_0000340.jpg,1,1,1,22,3,4,29
9999952_00000_d_0000341.jpg,1,1,1,42,3,4,49
9999952_00000_d_0000342.jpg,1,1,1,12,5,1,18
9999952_00000_d_0000343.jpg,1,1,0,26,7,0,33
9999952_00000_d_0000344.jpg,1,1,1,8,11,5,24
9999952_00000_d_0000345.jpg,1,1,1,31,8,10,49
9999963_00000_d_0000001.jpg,1,1,1,1,14,15,30
9999963_00000_d_0000002.jpg,0,1,1,0,3,17,20
9999963_00000_d_0000003.jpg,1,1,1,1,7,14,22
9999963_00000_d_0000004.jpg,0,1,1,0,6,19,25
9999963_00000_d_0000005.jpg,1,1,1,4,3,17,24
9999963_00000_d_0000006.jpg,1,1,1,16,21,23,60
9999963_00000_d_0000007.jpg,1,1,1,5,19,17,41
9999963_00000_d_0000008.jpg,1,1,1,1,18,18,37
9999963_00000_d_0000009.jpg,1,1,1,2,16,22,40
9999963_00000_d_0000010.jpg,1,1,1,4,18,16,38
9999963_00000_d_0000011.jpg,1,1,1,4,19,20,43
9999963_00000_d_0000012.jpg,1,1,1,4,15,20,39
9999963_00000_d_0000013.jpg,1,1,1,2,16,28,46
9999963_00000_d_0000014.jpg,1,1,1,3,12,30,45
9999963_00000_d_0000015.jpg,0,1,1,0,9,16,25
9999963_00000_d_0000016.jpg,0,1,1,0,8,14,22
9999963_00000_d_0000017.jpg,1,1,1,2,7,15,24
9999963_00000_d_0000018.jpg,1,1,1,3,23,14,40
9999963_00000_d_0000019.jpg,1,1,1,1,8,12,21
9999963_00000_d_0000020.jpg,0,1,1,0,11,9,20
9999963_00000_d_0000021.jpg,1,1,1,9,14,3,26
9999963_00000_d_0000022.jpg,0,1,1,0,16,12,28
9999963_00000_d_0000023.jpg,1,1,1,9,18,13,40
9999963_00000_d_0000024.jpg,1,1,1,3,16,14,33
9999963_00000_d_0000025.jpg,1,1,1,12,10,17,39
9999963_00000_d_0000026.jpg,1,1,1,5,17,12,34
9999963_00000_d_0000027.jpg,1,1,1,2,5,19,26
9999963_00000_d_0000028.jpg,1,1,1,4,15,15,34
9999963_00000_d_0000029.jpg,1,1,1,2,10,12,24
9999963_00000_d_0000030.jpg,0,1,1,0,7,13,20
9999963_00000_d_0000031.jpg,1,1,1,1,12,16,29
9999963_00000_d_0000032.jpg,1,1,1,1,9,19,29
9999963_00000_d_0000033.jpg,1,1,1,1,5,13,19
9999963_00000_d_0000034.jpg,1,1,1,3,10,22,35
9999963_00000_d_0000035.jpg,1,1,1,17,9,15,41
9999963_00000_d_0000036.jpg,1,1,1,35,33,12,80
9999963_00000_d_0000037.jpg,1,1,1,28,42,17,87
9999963_00000_d_0000038.jpg,1,1,1,11,35,18,64
9999963_00000_d_0000039.jpg,1,1,1,2,23,17,42
9999963_00000_d_0000040.jpg,1,1,1,10,34,13,57
9999963_00000_d_0000041.jpg,1,1,1,11,18,14,43
9999963_00000_d_0000042.jpg,1,1,1,20,14,13,47
9999963_00000_d_0000043.jpg,0,1,1,0,7,12,19
9999963_00000_d_0000044.jpg,0,1,1,0,9,10,19
9999963_00000_d_0000045.jpg,0,1,1,0,9,10,19
9999963_00000_d_0000046.jpg,1,1,1,13,14,6,33
9999963_00000_d_0000047.jpg,1,1,1,18,19,3,40
9999963_00000_d_0000048.jpg,1,1,1,13,20,13,46
9999963_00000_d_0000049.jpg,1,1,1,2,6,14,22
9999963_00000_d_0000050.jpg,1,1,1,5,10,14,29
9999963_00000_d_0000051.jpg,1,1,1,35,8,21,64
9999963_00000_d_0000052.jpg,1,1,1,19,15,18,52
9999963_00000_d_0000053.jpg,1,1,1,14,8,16,38
9999963_00000_d_0000054.jpg,1,1,1,19,5,22,46
9999963_00000_d_0000055.jpg,1,1,1,5,4,19,28
9999963_00000_d_0000056.jpg,1,1,1,1,6,9,16
9999963_00000_d_0000057.jpg,1,1,1,6,23,7,36
9999963_00000_d_0000058.jpg,1,1,1,3,17,6,26
9999963_00000_d_0000059.jpg,1,1,1,4,28,11,43
9999963_00000_d_0000060.jpg,1,1,1,4,23,10,37
9999963_00000_d_0000061.jpg,0,1,1,0,6,11,17
9999963_00000_d_0000062.jpg,1,1,1,1,7,16,24
9999963_00000_d_0000063.jpg,1,1,1,2,7,14,23
9999963_00000_d_0000064.jpg,1,1,1,4,3,17,24
9999963_00000_d_0000065.jpg,1,1,1,16,11,4,31
9999963_00000_d_0000066.jpg,1,1,1,17,13,8,38
9999963_00000_d_0000067.jpg,1,1,1,7,5,11,23
9999963_00000_d_0000068.jpg,1,1,1,4,12,15,31
9999963_00000_d_0000069.jpg,1,1,1,1,15,12,28
9999963_00000_d_0000070.jpg,1,1,1,5,10,21,36
9999963_00000_d_0000071.jpg,1,1,1,1,4,22,27
9999963_00000_d_0000072.jpg,1,1,1,2,3,15,20
9999963_00000_d_0000073.jpg,0,1,1,0,10,11,21
9999963_00000_d_0000074.jpg,1,1,1,17,24,14,55
9999963_00000_d_0000075.jpg,1,1,1,13,12,18,43
9999963_00000_d_0000076.jpg,1,1,1,3,7,10,20
9999971_00000_d_0000001.jpg,0,0,1,0,0,7,7
9999973_00000_d_0000001.jpg,1,1,1,21,8,8,37
9999973_00000_d_0000002.jpg,1,1,1,5,10,6,21
9999973_00000_d_0000003.jpg,1,1,1,18,7,4,29
9999973_00000_d_0000004.jpg,1,1,1,22,12,5,39
9999973_00000_d_0000005.jpg,1,1,1,13,12,6,31
9999973_00000_d_0000006.jpg,1,1,1,4,12,4,20
9999973_00000_d_0000007.jpg,1,1,1,15,15,2,32
9999973_00000_d_0000008.jpg,1,1,1,3,8,7,18
9999973_00000_d_0000009.jpg,0,1,1,0,3,7,10
9999973_00000_d_0000010.jpg,1,1,1,2,13,3,18
9999973_00000_d_0000011.jpg,1,1,1,5,13,9,27
9999973_00000_d_0000012.jpg,1,1,1,32,22,6,60
9999973_00000_d_0000013.jpg,1,1,1,22,25,8,55
9999973_00000_d_0000014.jpg,1,1,1,1,2,11,14
9999973_00000_d_0000015.jpg,1,1,1,1,7,6,14
9999973_00000_d_0000016.jpg,1,1,1,5,16,3,24
9999973_00000_d_0000017.jpg,1,1,1,12,24,11,47
9999973_00000_d_0000018.jpg,1,1,1,10,13,7,30
9999973_00000_d_0000019.jpg,1,1,1,6,14,11,31
9999973_00000_d_0000020.jpg,1,1,1,11,6,8,25
9999973_00000_d_0000021.jpg,1,1,1,16,2,8,26
9999973_00000_d_0000022.jpg,1,1,1,11,11,11,33
9999973_00000_d_0000023.jpg,1,1,1,28,12,20,60
9999973_00000_d_0000024.jpg,1,1,1,9,11,29,49
9999973_00000_d_0000025.jpg,1,1,1,8,9,26,43
9999973_00000_d_0000026.jpg,1,1,1,12,10,4,26
9999973_00000_d_0000027.jpg,1,1,1,10,12,18,40
9999973_00000_d_0000028.jpg,1,1,1,30,22,10,62
9999973_00000_d_0000029.jpg,1,1,1,27,30,3,60
9999973_00000_d_0000030.jpg,1,1,1,40,21,1,62
9999973_00000_d_0000031.jpg,1,1,1,8,13,16,37
9999973_00000_d_0000032.jpg,1,1,1,10,13,19,42
9999973_00000_d_0000033.jpg,1,1,1,4,8,16,28
9999973_00000_d_0000034.jpg,1,1,1,12,21,19,52
9999973_00000_d_0000035.jpg,1,1,1,34,39,3,76
9999973_00000_d_0000036.jpg,1,1,1,14,12,10,36
9999973_00000_d_0000037.jpg,1,1,1,25,23,12,60
9999973_00000_d_0000038.jpg,1,1,1,26,15,7,48
9999973_00000_d_0000039.jpg,1,1,0,52,12,0,64
9999973_00000_d_0000040.jpg,1,1,1,45,4,1,50
9999973_00000_d_0000041.jpg,1,1,1,27,24,7,58
9999973_00000_d_0000042.jpg,1,1,1,34,20,19,73
9999973_00000_d_0000043.jpg,1,1,1,42,33,9,84
9999973_00000_d_0000044.jpg,1,1,1,5,22,5,32
9999973_00000_d_0000045.jpg,1,1,1,8,21,6,35
9999973_00000_d_0000046.jpg,1,1,1,5,4,8,17
9999973_00000_d_0000047.jpg,1,1,1,18,15,6,39
9999973_00000_d_0000048.jpg,1,1,1,17,15,5,37
9999973_00000_d_0000049.jpg,1,1,1,8,17,4,29
9999973_00000_d_0000050.jpg,1,1,1,31,34,11,76
9999973_00000_d_0000051.jpg,1,1,1,13,10,15,38
9999973_00000_d_0000052.jpg,1,1,1,9,5,9,23
9999973_00000_d_0000053.jpg,0,1,1,0,3,13,16
9999973_00000_d_0000054.jpg,0,1,1,0,1,12,13
9999973_00000_d_0000055.jpg,0,0,1,0,0,9,9
9999973_00000_d_0000056.jpg,1,1,0,3,9,0,12
9999973_00000_d_0000057.jpg,1,1,1,45,15,13,73
9999973_00000_d_0000058.jpg,1,1,1,19,31,20,70
9999973_00000_d_0000059.jpg,1,1,1,13,20,16,49
9999973_00000_d_0000060.jpg,1,1,1,1,3,15,19
9999973_00000_d_0000061.jpg,1,1,1,15,28,6,49
9999973_00000_d_0000062.jpg,1,1,1,36,21,2,59
9999973_00000_d_0000063.jpg,1,1,1,6,28,9,43
9999973_00000_d_0000064.jpg,1,1,1,12,29,13,54
9999973_00000_d_0000065.jpg,1,1,1,2,24,4,30
9999973_00000_d_0000066.jpg,1,1,1,42,21,1,64
9999973_00000_d_0000067.jpg,1,1,1,38,24,2,64
9999973_00000_d_0000068.jpg,1,1,1,6,15,16,37
9999973_00000_d_0000069.jpg,1,1,1,23,31,12,66
9999973_00000_d_0000070.jpg,1,1,1,1,11,14,26
9999973_00000_d_0000071.jpg,1,1,1,3,12,22,37
9999973_00000_d_0000072.jpg,1,1,1,8,13,29,50
9999973_00000_d_0000073.jpg,1,1,1,40,14,12,66
9999973_00000_d_0000074.jpg,1,1,1,2,7,22,31
9999973_00000_d_0000075.jpg,1,1,1,27,10,1,38
9999973_00000_d_0000076.jpg,1,1,1,7,3,4,14
9999973_00000_d_0000077.jpg,1,1,1,9,15,15,39
9999973_00000_d_0000078.jpg,1,1,1,8,1,15,24
9999973_00000_d_0000079.jpg,1,1,1,4,17,12,33
9999973_00000_d_0000080.jpg,1,1,1,10,8,10,28
9999973_00000_d_0000081.jpg,1,1,1,17,12,10,39
9999973_00000_d_0000082.jpg,1,1,1,13,12,5,30
9999973_00000_d_0000083.jpg,1,1,1,13,34,5,52
9999973_00000_d_0000084.jpg,1,1,1,34,16,5,55
9999973_00000_d_0000085.jpg,1,1,1,19,22,2,43
9999973_00000_d_0000086.jpg,1,1,1,5,18,8,31
9999973_00000_d_0000087.jpg,1,1,1,31,12,3,46
9999973_00000_d_0000088.jpg,1,1,1,1,14,3,18
9999973_00000_d_0000089.jpg,1,1,1,4,5,9,18
9999973_00000_d_0000090.jpg,1,1,1,6,14,18,38
9999973_00000_d_0000091.jpg,1,1,1,7,10,24,41
9999973_00000_d_0000092.jpg,1,1,1,25,13,10,48
9999973_00000_d_0000093.jpg,1,1,0,2,13,0,15
9999973_00000_d_0000094.jpg,1,1,1,2,7,3,12
9999973_00000_d_0000095.jpg,1,1,1,7,24,21,52
9999973_00000_d_0000096.jpg,1,1,1,14,26,20,60
9999973_00000_d_0000097.jpg,1,1,1,27,23,11,61
9999973_00000_d_0000098.jpg,1,1,1,1,1,10,12
9999973_00000_d_0000099.jpg,1,1,1,15,18,5,38
9999973_00000_d_0000100.jpg,1,1,1,4,4,3,11
9999973_00000_d_0000101.jpg,1,1,1,2,7,4,13
9999973_00000_d_0000102.jpg,1,1,1,2,13,4,19
9999973_00000_d_0000103.jpg,1,1,1,6,18,4,28
9999973_00000_d_0000104.jpg,1,1,1,3,8,7,18
9999973_00000_d_0000105.jpg,1,1,1,5,7,7,19
9999973_00000_d_0000106.jpg,1,1,1,9,10,9,28
9999973_00000_d_0000107.jpg,1,1,0,55,6,0,61
9999973_00000_d_0000108.jpg,1,1,1,15,12,6,33
9999973_00000_d_0000109.jpg,1,1,1,38,16,4,58
9999973_00000_d_0000110.jpg,1,1,1,52,20,2,74
9999973_00000_d_0000111.jpg,1,1,1,44,29,7,80
9999973_00000_d_0000112.jpg,1,1,1,13,17,5,35
9999973_00000_d_0000113.jpg,1,1,1,33,32,10,75
9999973_00000_d_0000114.jpg,1,1,1,3,1,6,10
9999973_00000_d_0000115.jpg,1,0,1,4,0,11,15
9999973_00000_d_0000116.jpg,1,1,1,2,7,7,16
9999973_00000_d_0000117.jpg,1,1,1,14,8,1,23
9999973_00000_d_0000118.jpg,1,1,1,5,8,5,18
9999973_00000_d_0000119.jpg,1,1,1,5,4,8,17
9999973_00000_d_0000120.jpg,1,1,1,12,18,3,33
9999973_00000_d_0000121.jpg,1,1,1,5,8,10,23
9999973_00000_d_0000122.jpg,1,1,1,8,13,7,28
9999973_00000_d_0000123.jpg,1,1,1,22,18,4,44
9999973_00000_d_0000124.jpg,1,1,1,7,11,6,24
9999973_00000_d_0000125.jpg,1,1,1,11,13,4,28
9999973_00000_d_0000126.jpg,1,1,1,3,2,7,12
9999973_00000_d_0000127.jpg,1,1,1,7,7,2,16
9999973_00000_d_0000128.jpg,1,1,1,10,13,11,34
9999973_00000_d_0000129.jpg,1,1,1,11,20,11,42
9999973_00000_d_0000130.jpg,1,1,1,4,9,5,18
9999973_00000_d_0000131.jpg,1,1,1,27,25,8,60
9999973_00000_d_0000132.jpg,1,1,1,4,7,12,23
9999973_00000_d_0000133.jpg,1,1,1,7,13,9,29
9999973_00000_d_0000134.jpg,1,1,1,1,1,5,7
9999973_00000_d_0000135.jpg,1,1,1,19,15,8,42
9999973_00000_d_0000136.jpg,1,1,1,34,15,5,54
9999973_00000_d_0000137.jpg,1,1,1,30,5,14,49
9999973_00000_d_0000138.jpg,1,1,1,34,11,8,53
9999973_00000_d_0000139.jpg,1,1,1,23,17,7,47
9999973_00000_d_0000140.jpg,1,1,1,29,25,4,58
9999973_00000_d_0000141.jpg,1,1,1,17,16,4,37
9999973_00000_d_0000142.jpg,1,1,1,23,16,7,46
9999973_00000_d_0000143.jpg,1,1,1,13,12,6,31
9999973_00000_d_0000144.jpg,1,1,1,2,8,2,12
9999973_00000_d_0000145.jpg,1,1,1,9,3,4,16
9999973_00000_d_0000146.jpg,1,1,1,7,8,8,23
9999973_00000_d_0000147.jpg,1,1,1,31,8,7,46
9999973_00000_d_0000148.jpg,1,1,1,66,13,2,81
9999973_00000_d_0000149.jpg,1,1,1,2,2,12,16
9999973_00000_d_0000150.jpg,1,1,1,3,6,12,21
9999973_00000_d_0000151.jpg,1,1,1,3,5,5,13
9999976_00000_d_0000001.jpg,1,0,0,26,0,0,26
9999976_00000_d_0000002.jpg,1,0,0,11,0,0,11
9999976_00000_d_0000003.jpg,1,0,0,9,0,0,9
9999976_00000_d_0000004.jpg,1,0,0,12,0,0,12
9999976_00000_d_0000005.jpg,1,1,0,20,5,0,25
9999976_00000_d_0000006.jpg,1,1,0,10,8,0,18
9999976_00000_d_0000007.jpg,1,1,0,5,2,0,7
9999976_00000_d_0000008.jpg,1,1,0,5,6,0,11
9999976_00000_d_0000009.jpg,1,0,0,16,0,0,16
9999976_00000_d_0000010.jpg,1,1,0,18,8,0,26
9999976_00000_d_0000011.jpg,1,0,0,10,0,0,10
9999976_00000_d_0000012.jpg,1,1,0,22,1,0,23
9999976_00000_d_0000013.jpg,1,1,0,1,8,0,9
9999976_00000_d_0000014.jpg,1,1,0,3,11,0,14
9999976_00000_d_0000015.jpg,1,1,0,36,2,0,38
9999976_00000_d_0000016.jpg,1,1,0,44,12,0,56
9999976_00000_d_0000017.jpg,1,1,0,44,16,0,60
9999976_00000_d_0000018.jpg,1,1,0,1,1,0,2
9999976_00000_d_0000019.jpg,1,1,0,9,1,0,10
9999976_00000_d_0000020.jpg,1,1,0,23,4,0,27
9999976_00000_d_0000021.jpg,1,1,0,15,7,0,22
9999976_00000_d_0000022.jpg,1,1,1,8,11,1,20
9999976_00000_d_0000023.jpg,1,1,1,2,6,3,11
9999976_00000_d_0000024.jpg,1,1,1,5,6,2,13
9999976_00000_d_0000025.jpg,1,1,1,3,5,3,11
9999976_00000_d_0000026.jpg,1,1,1,8,7,1,16
9999976_00000_d_0000027.jpg,0,1,0,0,3,0,3
9999976_00000_d_0000028.jpg,1,1,0,10,1,0,11
9999976_00000_d_0000029.jpg,1,0,0,8,0,0,8
9999976_00000_d_0000030.jpg,1,0,0,5,0,0,5
9999976_00000_d_0000031.jpg,1,0,0,5,0,0,5
9999976_00000_d_0000032.jpg,1,0,0,7,0,0,7
9999976_00000_d_0000033.jpg,1,0,0,7,0,0,7
9999976_00000_d_0000034.jpg,1,0,0,7,0,0,7
9999979_00000_d_0000001.jpg,1,1,1,20,1,1,22
9999979_00000_d_0000002.jpg,1,1,1,48,2,3,53
9999979_00000_d_0000003.jpg,1,1,1,40,5,2,47
9999979_00000_d_0000004.jpg,1,0,0,36,0,0,36
9999979_00000_d_0000005.jpg,1,1,1,45,1,1,47
9999979_00000_d_0000006.jpg,1,1,0,52,7,0,59
9999979_00000_d_0000007.jpg,1,1,0,48,4,0,52
9999979_00000_d_0000008.jpg,1,1,1,20,26,11,57
9999979_00000_d_0000009.jpg,1,1,1,17,21,5,43
9999979_00000_d_0000010.jpg,1,1,1,24,1,2,27
9999979_00000_d_0000011.jpg,1,1,1,14,8,1,23
9999979_00000_d_0000012.jpg,1,1,1,16,12,5,33
9999979_00000_d_0000013.jpg,1,1,1,24,3,2,29
9999979_00000_d_0000014.jpg,1,1,1,30,5,1,36
9999979_00000_d_0000015.jpg,1,1,1,14,15,7,36
9999979_00000_d_0000016.jpg,1,1,1,187,29,2,218
9999979_00000_d_0000017.jpg,1,1,1,114,24,7,145
9999979_00000_d_0000018.jpg,1,1,1,48,27,5,80
9999979_00000_d_0000019.jpg,1,1,1,126,5,1,132
9999979_00000_d_0000020.jpg,1,1,0,19,10,0,29
9999979_00000_d_0000021.jpg,1,1,0,94,4,0,98
9999979_00000_d_0000022.jpg,1,1,0,50,15,0,65
9999979_00000_d_0000023.jpg,1,1,0,155,53,0,208
9999979_00000_d_0000024.jpg,1,1,1,10,21,13,44
9999979_00000_d_0000025.jpg,1,1,1,177,14,4,195
9999979_00000_d_0000026.jpg,1,1,1,80,44,3,127
9999979_00000_d_0000027.jpg,1,1,0,11,4,0,15
9999979_00000_d_0000028.jpg,1,1,1,24,22,2,48
9999979_00000_d_0000029.jpg,1,1,1,87,10,6,103
9999979_00000_d_0000030.jpg,1,1,1,147,4,5,156
9999979_00000_d_0000031.jpg,1,1,0,28,6,0,34
9999979_00000_d_0000032.jpg,1,1,0,19,4,0,23
9999979_00000_d_0000033.jpg,1,1,1,116,21,1,138
9999979_00000_d_0000034.jpg,1,1,0,106,21,0,127
9999979_00000_d_0000035.jpg,1,1,0,41,3,0,44
9999979_00000_d_0000036.jpg,1,1,1,52,9,3,64
9999979_00000_d_0000037.jpg,1,1,1,46,3,9,58
9999979_00000_d_0000038.jpg,1,1,0,20,4,0,24
9999979_00000_d_0000039.jpg,1,1,1,48,5,4,57
9999979_00000_d_0000040.jpg,1,1,1,58,28,11,97
9999979_00000_d_0000041.jpg,1,0,1,52,0,1,53
9999979_00000_d_0000042.jpg,1,1,1,109,7,1,117
9999979_00000_d_0000043.jpg,1,1,1,69,33,2,104
9999979_00000_d_0000044.jpg,1,1,1,80,23,2,105
9999979_00000_d_0000045.jpg,1,1,1,192,19,1,212
9999979_00000_d_0000046.jpg,1,1,0,54,3,0,57
9999979_00000_d_0000047.jpg,1,1,1,153,6,2,161
9999979_00000_d_0000048.jpg,1,1,1,44,6,1,51
9999979_00000_d_0000049.jpg,1,1,0,66,20,0,86
9999979_00000_d_0000050.jpg,1,1,1,65,22,3,90
9999979_00000_d_0000051.jpg,1,1,1,19,11,3,33
9999979_00000_d_0000052.jpg,1,1,1,59,21,5,85
9999979_00000_d_0000053.jpg,1,1,0,64,2,0,66
9999980_00000_d_0000001.jpg,1,1,0,24,23,0,47
9999980_00000_d_0000002.jpg,0,0,1,0,0,9,9
9999980_00000_d_0000003.jpg,1,1,0,4,14,0,18
9999980_00000_d_0000004.jpg,1,1,0,3,1,0,4
9999980_00000_d_0000005.jpg,1,1,1,38,6,15,59
9999986_00000_d_0000001.jpg,1,1,1,39,1,2,42
9999986_00000_d_0000002.jpg,1,1,1,36,2,3,41
9999986_00000_d_0000003.jpg,1,1,0,45,5,0,50
9999986_00000_d_0000004.jpg,1,1,0,33,6,0,39
9999986_00000_d_0000005.jpg,1,1,0,26,4,0,30
9999986_00000_d_0000006.jpg,1,1,1,41,2,1,44
9999986_00000_d_0000007.jpg,1,1,1,39,3,2,44
9999986_00000_d_0000008.jpg,1,1,1,30,2,1,33
9999986_00000_d_0000009.jpg,1,1,1,17,3,1,21
9999986_00000_d_0000010.jpg,1,1,1,38,7,2,47
9999986_00000_d_0000011.jpg,1,1,1,34,12,4,50
9999986_00000_d_0000012.jpg,1,1,1,18,12,2,32
9999986_00000_d_0000013.jpg,1,1,1,22,2,2,26
9999986_00000_d_0000014.jpg,1,1,1,35,6,2,43
9999986_00000_d_0000015.jpg,1,1,1,36,7,3,46
9999986_00000_d_0000016.jpg,1,1,1,17,10,7,34
9999986_00000_d_0000017.jpg,1,1,1,6,12,3,21
9999986_00000_d_0000018.jpg,1,1,1,15,11,5,31
9999986_00000_d_0000019.jpg,1,1,1,28,5,2,35
9999986_00000_d_0000020.jpg,1,1,1,11,6,2,19
9999986_00000_d_0000021.jpg,1,1,1,6,3,5,14
9999986_00000_d_0000022.jpg,1,1,1,3,2,7,12
9999986_00000_d_0000023.jpg,0,1,1,0,5,5,10
9999986_00000_d_0000024.jpg,1,1,0,3,3,0,6
9999986_00000_d_0000025.jpg,1,1,1,10,2,3,15
9999986_00000_d_0000026.jpg,1,1,1,8,3,2,13
9999986_00000_d_0000027.jpg,1,1,1,11,1,2,14
9999986_00000_d_0000028.jpg,1,1,1,1,1,6,8
9999986_00000_d_0000029.jpg,1,1,1,9,3,8,20
9999986_00000_d_0000030.jpg,1,1,1,13,3,8,24
9999986_00000_d_0000031.jpg,0,1,1,0,4,3,7
9999986_00000_d_0000032.jpg,1,1,1,8,6,5,19
9999986_00000_d_0000033.jpg,1,1,1,4,5,5,14
9999986_00000_d_0000034.jpg,1,0,1,11,0,3,14
9999986_00000_d_0000035.jpg,1,1,1,12,4,3,19
9999986_00000_d_0000036.jpg,1,1,1,7,4,7,18
9999986_00000_d_0000037.jpg,1,1,1,12,1,5,18
9999986_00000_d_0000038.jpg,1,1,1,17,5,4,26
9999986_00000_d_0000039.jpg,1,1,1,19,4,3,26
9999986_00000_d_0000040.jpg,1,1,1,1,3,3,7
9999986_00000_d_0000041.jpg,1,1,1,8,5,1,14
9999986_00000_d_0000042.jpg,1,1,1,16,3,3,22
9999986_00000_d_0000043.jpg,1,1,1,17,5,6,28
9999986_00000_d_0000044.jpg,1,1,1,17,5,5,27
9999986_00000_d_0000045.jpg,1,1,0,30,7,0,37
9999986_00000_d_0000046.jpg,1,1,1,22,11,2,35
9999986_00000_d_0000047.jpg,1,1,1,12,6,2,20
9999986_00000_d_0000048.jpg,1,1,1,12,3,3,18
9999986_00000_d_0000049.jpg,1,0,1,2,0,1,3
9999986_00000_d_0000050.jpg,1,0,1,4,0,2,6
9999986_00000_d_0000051.jpg,1,1,1,13,1,4,18
9999986_00000_d_0000052.jpg,1,1,1,3,1,2,6
9999986_00000_d_0000053.jpg,1,1,0,3,3,0,6
9999986_00000_d_0000054.jpg,1,1,1,8,9,2,19
9999986_00000_d_0000055.jpg,1,1,1,32,4,1,37
9999986_00000_d_0000056.jpg,1,1,1,42,1,2,45
9999986_00000_d_0000057.jpg,1,1,1,28,3,1,32
9999986_00000_d_0000058.jpg,1,1,1,37,3,2,42
9999993_00000_d_0000001.jpg,1,1,1,92,25,8,125
9999993_00000_d_0000002.jpg,1,1,1,21,18,7,46
9999993_00000_d_0000003.jpg,1,1,1,30,4,1,35
9999993_00000_d_0000004.jpg,1,1,1,39,7,5,51
9999993_00000_d_0000005.jpg,1,1,1,34,7,2,43
9999993_00000_d_0000006.jpg,1,1,1,57,18,5,80
9999993_00000_d_0000007.jpg,1,1,1,13,7,4,24
9999993_00000_d_0000008.jpg,1,1,1,24,10,5,39
9999993_00000_d_0000009.jpg,1,1,1,51,10,2,63
9999993_00000_d_0000010.jpg,1,1,1,22,17,1,40
9999993_00000_d_0000011.jpg,1,1,1,58,8,4,70
9999993_00000_d_0000012.jpg,1,1,1,28,19,11,58
9999993_00000_d_0000013.jpg,1,1,1,27,14,4,45
9999993_00000_d_0000014.jpg,1,1,1,67,32,12,111
9999993_00000_d_0000015.jpg,1,1,1,31,17,10,58
9999993_00000_d_0000016.jpg,1,1,1,87,19,6,112
9999993_00000_d_0000017.jpg,1,1,1,32,16,8,56
9999993_00000_d_0000018.jpg,1,1,1,13,17,16,46
9999993_00000_d_0000019.jpg,1,1,1,82,18,7,107
9999993_00000_d_0000020.jpg,1,1,1,26,10,3,39
9999993_00000_d_0000021.jpg,1,1,1,49,11,6,66
9999993_00000_d_0000022.jpg,1,1,1,67,27,8,102
9999993_00000_d_0000023.jpg,1,1,1,92,32,2,126
9999993_00000_d_0000024.jpg,1,1,1,91,17,11,119
9999996_00000_d_0000001.jpg,1,0,0,37,0,0,37
9999996_00000_d_0000002.jpg,1,1,0,18,12,0,30
9999996_00000_d_0000003.jpg,1,1,0,51,5,0,56
9999996_00000_d_0000004.jpg,1,0,0,49,0,0,49
9999996_00000_d_0000005.jpg,1,0,0,3,0,0,3
9999996_00000_d_0000006.jpg,1,0,0,3,0,0,3
9999996_00000_d_0000007.jpg,1,0,0,7,0,0,7
9999996_00000_d_0000008.jpg,1,0,0,10,0,0,10
9999996_00000_d_0000009.jpg,1,0,0,5,0,0,5
9999996_00000_d_0000010.jpg,1,0,0,20,0,0,20
9999996_00000_d_0000011.jpg,1,0,0,48,0,0,48
9999996_00000_d_0000012.jpg,1,0,1,33,0,1,34
9999996_00000_d_0000013.jpg,1,1,1,27,5,7,39
9999996_00000_d_0000014.jpg,1,1,1,31,10,5,46
9999996_00000_d_0000015.jpg,1,1,1,13,9,12,34
9999996_00000_d_0000016.jpg,1,1,1,11,12,4,27
9999996_00000_d_0000017.jpg,1,1,1,2,5,5,12
9999996_00000_d_0000018.jpg,1,1,0,16,13,0,29
9999996_00000_d_0000019.jpg,1,1,1,6,2,9,17
9999996_00000_d_0000020.jpg,1,1,1,44,2,2,48
9999996_00000_d_0000021.jpg,1,1,1,14,20,5,39
9999996_00000_d_0000022.jpg,1,1,0,29,3,0,32
9999996_00000_d_0000023.jpg,1,0,0,15,0,0,15
9999996_00000_d_0000024.jpg,1,0,0,59,0,0,59
9999996_00000_d_0000025.jpg,1,0,0,46,0,0,46
9999996_00000_d_0000026.jpg,1,0,0,15,0,0,15
9999996_00000_d_0000027.jpg,1,0,0,14,0,0,14
9999996_00000_d_0000028.jpg,1,1,0,14,1,0,15
9999996_00000_d_0000029.jpg,1,1,0,40,12,0,52
